,movie_id,director
0,11,['George Lucas']
1,12,['Andrew Stanton']
2,13,['Robert Zemeckis']
3,22,['Gore Verbinski']
4,24,['Quentin Tarantino']
5,35,['David Silverman']
6,58,['Gore Verbinski']
7,95,['Michael Bay']
8,98,['Ridley Scott']
9,105,['Robert Zemeckis']
10,106,['John McTiernan']
11,111,['Brian De Palma']
12,118,['Tim Burton']
13,120,['Peter Jackson']
14,121,['Peter Jackson']
15,122,['Peter Jackson']
16,129,['Hayao Miyazaki']
17,149,['Katsuhiro Otomo']
18,155,['Christopher Nolan']
19,176,['James Wan']
20,189,"['Robert Rodriguez', 'Frank Miller']"
21,238,['Francis Ford Coppola']
22,268,['Tim Burton']
23,272,['Christopher Nolan']
24,278,['Frank Darabont']
25,280,['James Cameron']
26,285,['Gore Verbinski']
27,310,['Tom Shadyac']
28,348,['Ridley Scott']
29,350,['David Frankel']
30,408,['David Hand']
31,411,['Andrew Adamson']
32,425,['Chris Wedge']
33,440,"['Colin Strause', 'Greg Strause']"
34,497,['Frank Darabont']
35,534,['McG']
36,550,['David Fincher']
37,557,['Sam Raimi']
38,558,['Sam Raimi']
39,559,['Sam Raimi']
40,561,['Francis Lawrence']
41,564,['Stephen Sommers']
42,585,['Pete Docter']
43,597,['James Cameron']
44,603,"['Lilly Wachowski', 'Lana Wachowski']"
45,604,"['Lilly Wachowski', 'Lana Wachowski']"
46,605,"['Lilly Wachowski', 'Lana Wachowski']"
47,607,['Barry Sonnenfeld']
48,615,['Mel Gibson']
49,620,['Ivan Reitman']
50,630,['Victor Fleming']
51,652,['Wolfgang Petersen']
52,671,['Chris Columbus']
53,672,['Chris Columbus']
54,673,['Alfonso Cuarón']
55,674,['Mike Newell']
56,675,['David Yates']
57,676,['Michael Bay']
58,680,['Quentin Tarantino']
59,694,['Stanley Kubrick']
60,756,"['David Hand', 'James Algar', 'Samuel Armstrong', 'Ben Sharpsteen', 'William Roberts', 'Paul Satterfield', 'Hamilton Luske', 'Jim Handley', 'Ford Beebe', 'T. Hee', 'Wilfred Jackson', 'Norman Ferguson']"
61,767,['David Yates']
62,772,['Chris Columbus']
63,808,"['Andrew Adamson', 'Vicky Jenson']"
64,809,"['Andrew Adamson', 'Kelly Asbury', 'Conrad Vernon']"
65,810,['Chris Miller']
66,812,"['Ron Clements', 'John Musker']"
67,841,['David Lynch']
68,854,['Chuck Russell']
69,857,['Steven Spielberg']
70,862,['John Lasseter']
71,863,['John Lasseter']
72,888,['Brian Levant']
73,920,['John Lasseter']
74,950,['Carlos Saldanha']
75,953,"['Eric Darnell', 'Tom McGrath']"
76,1250,['Mark Steven Johnson']
77,1267,['Stephen J. Anderson']
78,1364,['Julio Medem']
79,1369,['George P. Cosmatos']
80,1372,['Edward Zwick']
81,1374,['Sylvester Stallone']
82,1427,['Tom Tykwer']
83,1579,['Mel Gibson']
84,1724,['Louis Leterrier']
85,1726,['Jon Favreau']
86,1734,['Stephen Sommers']
87,1771,['Joe Johnston']
88,1865,['Rob Marshall']
89,1930,['Marc Webb']
90,2062,['Brad Bird']
91,2105,"['Chris Weitz', 'Paul Weitz']"
92,2109,['Brett Ratner']
93,2454,['Andrew Adamson']
94,2758,['Barry Sonnenfeld']
95,2770,['J.B. Rogers']
96,2907,['Barry Sonnenfeld']
97,2978,['Ivan Reitman']
98,3170,['David Hand']
99,3933,"['Tim Burton', 'Mike Johnson']"
100,4108,"['Louis Leterrier', 'Corey Yuen']"
101,4232,['Wes Craven']
102,4247,['Keenen Ivory Wayans']
103,4248,['Keenen Ivory Wayans']
104,4256,['David Zucker']
105,4258,['Malcolm D. Lee']
106,4523,['Kevin Lima']
107,4564,['Michael Patrick King']
108,4935,['Hayao Miyazaki']
109,5255,['Robert Zemeckis']
110,5559,"['Steve Hickner', 'Simon J. Smith']"
111,6466,['Ronny Yu']
112,6477,['Tim Hill']
113,6479,['Francis Lawrence']
114,6844,['Cecil B. DeMille']
115,7220,['Jonathan Hensleigh']
116,7342,['David Carson']
117,7445,['Jim Sheridan']
118,7446,['Ben Stiller']
119,7555,['Sylvester Stallone']
120,8275,['Joe Nussbaum']
121,8277,['Andrew Waller']
122,8355,['Carlos Saldanha']
123,8363,['Greg Mottola']
124,8373,['Michael Bay']
125,8587,"['Roger Allers', 'Rob Minkoff']"
126,8681,['Pierre Morel']
127,8871,['Ron Howard']
128,8920,['Peter Hewitt']
129,8922,['Victor Salva']
130,8960,['Peter Berg']
131,8961,['Michael Bay']
132,8966,['Catherine Hardwicke']
133,8982,['Prachya Pinkaew']
134,9021,['Michael Lembeck']
135,9023,"['Kelly Asbury', 'Lorna Cook']"
136,9078,['Wolfgang Reitherman']
137,9279,['Brian Levant']
138,9286,['James Wong']
139,9297,['Gil Kenan']
140,9316,['Prachya Pinkaew']
141,9325,['Wolfgang Reitherman']
142,9340,['Richard Donner']
143,9358,['David R. Ellis']
144,9373,['Marcus Nispel']
145,9444,"['Gary Goldman', 'Don Bluth']"
146,9479,['Henry Selick']
147,9487,['John Lasseter']
148,9488,['Robert Rodriguez']
149,9502,"['Mark Osborne', 'John Stevenson']"
150,9532,['James Wong']
151,9543,['Mike Newell']
152,9552,['William Friedkin']
153,9637,['Raja Gosnell']
154,9702,['Taylor Hackford']
155,9714,['Raja Gosnell']
156,9732,['Darrell Rooney']
157,9769,['Adrian Lyne']
158,9792,['Alexandre Aja']
159,9806,['Brad Bird']
160,9820,['Nancy Meyers']
161,9836,['George Miller']
162,9880,['Garry Marshall']
163,9902,['Rob Schmidt']
164,9904,"[""Steve 'Spaz' Williams""]"
165,9948,['Jim Kammerud']
166,10009,"['Aaron Blaise', 'Robert Walker']"
167,10012,['Wes Craven']
168,10020,"['Gary Trousdale', 'Kirk Wise']"
169,10054,['Robert Rodriguez']
170,10112,['Wolfgang Reitherman']
171,10137,['Rob Minkoff']
172,10138,['Jon Favreau']
173,10144,"['Ron Clements', 'John Musker']"
174,10184,['Ken Kwapis']
175,10191,"['Chris Sanders', 'Dean DeBlois']"
176,10192,['Mike Mitchell']
177,10193,['Lee Unkrich']
178,10195,['Kenneth Branagh']
179,10196,['M. Night Shyamalan']
180,10198,"['Ron Clements', 'John Musker']"
181,10201,['Peyton Reed']
182,10202,['Adam Shankman']
183,10340,"['Hamilton Luske', 'Wilfred Jackson', 'Clyde Geronimi']"
184,10358,['Kevin Smith']
185,10386,['Brad Bird']
186,10501,"['Bibo Bergeron', 'Don Paul']"
187,10521,['Gary Winick']
188,10527,"['Eric Darnell', 'Tom McGrath']"
189,10555,"['Vicky Jenson', 'Bibo Bergeron', 'Rob Letterman']"
190,10567,"['Ralph Zondag', 'Eric Leighton']"
191,10585,['Tom Holland']
192,10588,['Bo Welch']
193,10607,['Paris Barclay']
194,10625,['Mark Waters']
195,10674,"['Tony Bancroft', 'Barry Cook']"
196,10681,['Andrew Stanton']
197,10693,"['Hamilton Luske', 'Wilfred Jackson', 'Clyde Geronimi']"
198,10719,['Jon Favreau']
199,10764,['Marc Forster']
200,10781,['Jonathan Liebesman']
201,10867,['Giuseppe Tornatore']
202,10882,['Clyde Geronimi']
203,10895,"['Ben Sharpsteen', 'Hamilton Luske']"
204,10948,"['Ted Berman', 'Art Stevens', 'Richard Rich']"
205,11024,['Raja Gosnell']
206,11036,['Nick Cassavetes']
207,11186,['John Lafia']
208,11187,['Jack Bender']
209,11224,"['Hamilton Luske', 'Wilfred Jackson', 'Clyde Geronimi']"
210,11249,['Don Mancini']
211,11322,['Michael Mann']
212,11324,['Martin Scorsese']
213,11359,['Frank Oz']
214,11360,['Ben Sharpsteen']
215,11395,['John Pasquin']
216,11397,['Joel Gallen']
217,11430,['Bradley Raymond']
218,11544,"['Chris Sanders', 'Dean DeBlois']"
219,11631,['Phyllida Lloyd']
220,11674,['Stephen Herek']
221,11688,['Mark Dindal']
222,11699,['Werner Herzog']
223,11811,['Mark Jones']
224,11836,['Stephen Hillenburg']
225,11852,['Tom Brady']
226,11932,['Ronny Yu']
227,11970,"['Ron Clements', 'John Musker']"
228,12092,"['Hamilton Luske', 'Wilfred Jackson', 'Clyde Geronimi']"
229,12153,['Keenen Ivory Wayans']
230,12155,['Tim Burton']
231,12230,"['Hamilton Luske', 'Wolfgang Reitherman', 'Clyde Geronimi']"
232,12242,"['Darrell Rooney', 'Lynne Southerland']"
233,12244,['Shane Acker']
234,12279,['Robert Rodriguez']
235,12429,['Hayao Miyazaki']
236,12444,['David Yates']
237,12445,['David Yates']
238,12536,['Rod Daniel']
239,12556,['Mark Waters']
240,13002,['Greg Richardson']
241,13053,"['Chris Williams', 'Byron Howard']"
242,13186,['Joe Lynch']
243,13189,['Clive Donner']
244,13377,"['Chuck Jones', 'Ben Washam']"
245,13387,['Olivier Megaton']
246,13394,['Gary Trousdale']
247,13448,['Ron Howard']
248,13459,['William Lau']
249,13475,['J.J. Abrams']
250,13596,['Howard Deutch']
251,13654,"['Jim Kammerud', 'Brian Smith']"
252,13673,['Joe Roth']
253,13688,['Stephen Chow']
254,13811,['Alex Proyas']
255,13955,['Mike Elliott']
256,13971,['Nick Moore']
257,14001,['James Wan']
258,14128,['John Kafka']
259,14160,['Pete Docter']
260,14161,['Roland Emmerich']
261,14164,['James Wong']
262,14199,['Robert Rodriguez']
263,14248,['Tony Leondis']
264,14306,['David Frankel']
265,14405,['Raja Gosnell']
266,14560,['Steve Carr']
267,14836,['Henry Selick']
268,14869,['Stephen Sommers']
269,15015,['Owen Hurley']
270,15092,"['Brian Taylor', 'Mark Neveldine']"
271,15165,['William Lau']
272,15255,['Isaac Florentine']
273,15373,['David Wain']
274,16119,['Frank Nissen']
275,16290,['Jeff Tremaine']
276,16366,"['Rob LaDuca', 'Robert C. Ramirez']"
277,16523,['Spike Jonze']
278,16577,['David Bowers']
279,16869,['Quentin Tarantino']
280,16985,['Savage Steve Holland']
281,16995,['Kevin Macdonald']
282,16996,['Burr Steers']
283,17134,['Renny Harlin']
284,17610,['Harold Ramis']
285,17654,['Neill Blomkamp']
286,17979,['Robert Zemeckis']
287,18126,['Peter Chelsom']
288,18131,['Brian Herzlinger']
289,18239,['Chris Weitz']
290,18240,['Anne Fletcher']
291,18360,['Shawn Levy']
292,18785,['Todd Phillips']
293,18823,['Louis Leterrier']
294,19288,['Steven Ayromlooi']
295,19458,['Allison Liddi-Brown']
296,19840,['Chris Columbus']
297,19899,['Peter Billingsley']
298,19908,['Ruben Fleischer']
299,19912,['David R. Ellis']
300,19913,['Marc Webb']
301,19994,['Karyn Kusama']
302,19995,['James Cameron']
303,20048,['P.J. Hogan']
304,20352,"['Pierre Coffin', 'Chris Renaud']"
305,20453,['Rajkumar Hirani']
306,20526,['Joseph Kosinski']
307,20533,['Jimmy Hayward']
308,20662,['Ridley Scott']
309,20762,['Robert Mandel']
310,20829,['Judd Apatow']
311,20943,['Robert Luketic']
312,21208,['Jaume Collet-Serra']
313,22794,"['Phil Lord', 'Christopher Miller']"
314,22803,['F. Gary Gray']
315,22832,['James McTeigue']
316,22881,['John Lee Hancock']
317,22894,['Scott Stewart']
318,23023,['Michael Lembeck']
319,23047,['Dominic Sena']
320,23168,['Ben Affleck']
321,23398,['Betty Thomas']
322,23483,['Matthew Vaughn']
323,23629,['Zack Snyder']
324,23631,"['Robert Rodriguez', 'Ethan Maniquis']"
325,23823,"[""Declan O'Brien""]"
326,23827,['Oren Peli']
327,23988,['Bo Zenga']
328,24021,['David Slade']
329,24122,['Bart Freundlich']
330,24418,['Paul Weitz']
331,24428,['Joss Whedon']
332,25195,['Anand Tucker']
333,25475,['Klay Hall']
334,25769,"['Àlex Pastor', 'David Pastor']"
335,26123,['John Putch']
336,26389,['Pierre Morel']
337,27205,['Christopher Nolan']
338,27576,['Phillip Noyce']
339,27578,['Sylvester Stallone']
340,27581,['Adam McKay']
341,28178,['Lasse Hallström']
342,28510,['John Hyams']
343,29812,['Steven Pearl']
344,30767,"['Wilhelm Liebenberg', 'Frederico Sanchez']"
345,32471,['Valerie Weiss']
346,32657,['Chris Columbus']
347,33217,['Thor Freudenthal']
348,33273,['Daniel Monzón']
349,34544,['Joe Carnahan']
350,34584,['Wolfgang Petersen']
351,34813,['Sylvain White']
352,34851,['Nimród Antal']
353,36419,['Agnieszka Wojtowicz-Vosloo']
354,36557,['Martin Campbell']
355,37135,"['Kevin Lima', 'Chris Buck']"
356,37211,['Ray Patterson']
357,37430,['Marcus Nispel']
358,37645,['Richard Berry']
359,37686,['J.J. Abrams']
360,37710,['Florian Henckel von Donnersmarck']
361,37724,['Sam Mendes']
362,37735,['Will Gluck']
363,37786,['Michael Patrick King']
364,37797,['Yoshifumi Kondou']
365,37834,['James Mangold']
366,38055,['Tom McGrath']
367,38234,['Isaac Florentine']
368,38322,['John Whitesell']
369,38365,['Dennis Dugan']
370,38408,['Greg Berlanti']
371,38575,['Harald Zwart']
372,38700,"['Adil El Arbi', 'Bilall Fallah']"
373,38757,"['Byron Howard', 'Nathan Greno']"
374,39254,['Shawn Levy']
375,39323,['Mitsuo Hashimoto']
376,39513,['Greg Mottola']
377,41154,['Barry Sonnenfeld']
378,41630,['Ivan Reitman']
379,41733,['Todd Phillips']
380,41965,['Bernard Rose']
381,42194,['Dwight H. Little']
382,42246,"['Bill Kopp', 'Joe Murray']"
383,42684,"['Colin Strause', 'Greg Strause']"
384,42889,"['Huck Botko', 'Andrew Gurland']"
385,43074,['Paul Feig']
386,43347,['Edward Zwick']
387,43549,['Paul Scheuring']
388,43947,['Steven R. Monroe']
389,43959,['Sean McNamara']
390,44263,['Benny Chan']
391,44571,['Gordon Chan']
392,44874,['William Lau']
393,44896,['Gore Verbinski']
394,44912,['Martin Campbell']
395,44943,['Jonathan Liebesman']
396,45243,['Todd Phillips']
397,45610,['Marc Forster']
398,45612,['Duncan Jones']
399,45781,['Drew Ann Rosenberg']
400,46195,['Carlos Saldanha']
401,46528,['Lee Seung-moo']
402,46529,['D. J. Caruso']
403,47933,['Roland Emmerich']
404,47964,['John Moore']
405,47971,['D. J. Caruso']
406,48138,['Jaume Collet-Serra']
407,48340,['Alister Grierson']
408,49013,['John Lasseter']
409,49018,['James Wan']
410,49021,['Gary McKendry']
411,49026,['Christopher Nolan']
412,49051,['Peter Jackson']
413,49444,['Jennifer Yuh Nelson']
414,49519,"['Chris Sanders', 'Kirk DeMicco']"
415,49520,['David Dobkin']
416,49521,['Zack Snyder']
417,49524,['Robert Schwentke']
418,49529,['Andrew Stanton']
419,49530,['Andrew Niccol']
420,49849,['Jon Favreau']
421,50544,['Will Gluck']
422,50546,['Dennis Dugan']
423,50619,['Bill Condon']
424,50620,['Bill Condon']
425,51608,['Lee Jeong-beom']
426,51620,['Roel Reiné']
427,51876,['Neil Burger']
428,52520,"['Måns Mårlind', 'Björn Stein']"
429,53182,['Noam Murro']
430,54138,['J.J. Abrams']
431,55779,['Steven Quale']
432,55846,['Elliott Lester']
433,56292,['Brad Bird']
434,57158,['Peter Jackson']
435,57165,['Jonathan Liebesman']
436,57201,['Gore Verbinski']
437,57214,['Nima Nourizadeh']
438,57800,"['Steve Martino', 'Mike Thurmeier']"
439,58233,['Oliver Parker']
440,58574,['Guy Ritchie']
441,58595,['Rupert Sanders']
442,58857,['Takashi Miike']
443,59108,['Brett Ratner']
444,59440,"[""Gavin O'Connor""]"
445,59967,['Rian Johnson']
446,60304,['Tommy Wirkola']
447,60307,['David Bowers']
448,60747,['Dan Bradley']
449,61791,['Rupert Wyatt']
450,61979,['Fernando González Molina']
451,62177,"['Brenda Chapman', 'Mark Andrews']"
452,62206,['Ruben Fleischer']
453,62211,['Dan Scanlon']
454,62213,['Tim Burton']
455,62835,['Olivier Megaton']
456,63311,['Pedro Almodóvar']
457,64635,['Len Wiseman']
458,64688,"['Phil Lord', 'Christopher Miller']"
459,64690,['Nicolas Winding Refn']
460,65291,"['Lauren Montgomery', 'Jay Oliva', 'Christopher Berkeley']"
461,68718,['Quentin Tarantino']
462,68721,['Shane Black']
463,68724,['Neill Blomkamp']
464,68726,['Guillermo del Toro']
465,68735,['Duncan Jones']
466,68737,['Sergei Bodrov']
467,70160,['Gary Ross']
468,70981,['Ridley Scott']
469,71552,"['Jon Hurwitz', 'Hayden Schlossberg']"
470,71672,"[""Declan O'Brien""]"
471,71676,"['Brian Taylor', 'Mark Neveldine']"
472,72105,['Seth MacFarlane']
473,72190,['Marc Forster']
474,72331,['Timur Bekmambetov']
475,72431,['Anthony Hemingway']
476,72545,['Brad Peyton']
477,72571,"['Henry Joost', 'Ariel Schulman']"
478,73456,['Ezekiel Norton']
479,74513,['Stéphane Rybojad']
480,74998,['Roger Donaldson']
481,75174,['Joe Carnahan']
482,75258,"['Peggy Holmes', 'Roberts Gannaway']"
483,75656,['Louis Leterrier']
484,75780,['Christopher McQuarrie']
485,75948,['Tony Ching Siu-Tung']
486,76163,['Simon West']
487,76285,['Thor Freudenthal']
488,76338,['Alan Taylor']
489,76341,['George Miller']
490,76489,"['Bobby Farrelly', 'Peter Farrelly']"
491,76492,['Genndy Tartakovsky']
492,76600,['James Cameron']
493,76726,['Josh Trank']
494,76757,"['Lilly Wachowski', 'Lana Wachowski']"
495,77338,"['Éric Toledano', 'Olivier Nakache']"
496,77866,['Baltasar Kormákur']
497,78215,['Petter Næss']
498,79218,['Karen Disher']
499,80321,"['Conrad Vernon', 'Eric Darnell', 'Tom McGrath']"
500,80410,['Uwe Boll']
501,81005,['Bryan Singer']
502,81188,['Peter Ramsey']
503,81796,"['Stephen St. Leger', 'James Mather']"
504,82633,['John Hillcoat']
505,82675,['Olivier Megaton']
506,82690,['Rich Moore']
507,82700,['M. Night Shyamalan']
508,82702,['Dean DeBlois']
509,84226,['Douglas Aarniokoski']
510,86331,['Laurent Bouhnik']
511,87101,['Alan Taylor']
512,87421,['David Twohy']
513,87428,['Sean Anders']
514,87818,"['Griffin Dunne', 'Peter Farrelly', 'Elizabeth Banks', 'James Gunn', 'Steven Brill', 'Brett Ratner', 'Steve Carr', 'Rusty Cundieff', 'James Duffy', 'Patrik Forsberg', 'Jonathan van Tulleken', 'Will Graham']"
515,91314,['Michael Bay']
516,91586,['James Wan']
517,93456,"['Pierre Coffin', 'Chris Renaud']"
518,93837,['Tom Vaughan']
519,98566,['Jonathan Liebesman']
520,98567,['Jackie Chan']
521,99861,['Joss Whedon']
522,100402,"['Anthony Russo', 'Joe Russo']"
523,101299,['Francis Lawrence']
524,102382,['Marc Webb']
525,102651,['Robert Stromberg']
526,102899,['Peyton Reed']
527,105864,['Peter Sohn']
528,105965,['Lev L. Spiro']
529,106646,['Martin Scorsese']
530,106758,['Toshiharu Ikeda']
531,109418,['Dennis Dugan']
532,109439,['Todd Phillips']
533,109445,"['Chris Buck', 'Jennifer Lee']"
534,109451,"['Cody Cameron', 'Kris Pearn']"
535,109689,['Fernando González Molina']
536,110415,['Bong Joon-ho']
537,116711,['Chris Wedge']
538,117251,['Roland Emmerich']
539,117263,['Antoine Fuqua']
540,118340,['James Gunn']
541,119283,['Taylor Hackford']
542,119450,['Matt Reeves']
543,119698,['Sid Bennett']
544,122917,['Peter Jackson']
545,123553,['Harald Zwart']
546,124905,['Gareth Edwards']
547,125509,"[""Declan O'Brien""]"
548,126889,['Ridley Scott']
549,127585,['Bryan Singer']
550,131631,['Francis Lawrence']
551,131634,['Francis Lawrence']
552,133121,['Makoto Kamiya']
553,134374,['Michael Bay']
554,134375,['Peter Hewitt']
555,135397,['Colin Trevorrow']
556,136400,['Baltasar Kormákur']
557,136418,['Steven Knight']
558,136795,['Paul Feig']
559,136797,['Scott Waugh']
560,136799,"['Mike Mitchell', 'Walt Dohrn']"
561,137113,['Doug Liman']
562,138103,['Patrick Hughes']
563,138832,['Rawson Marshall Thurber']
564,138843,['James Wan']
565,139038,['Michael Tiddes']
566,140300,"['Jennifer Yuh Nelson', 'Alessandro Carloni']"
567,140607,['J.J. Abrams']
568,141052,['Zack Snyder']
569,146216,['Dean Parisot']
570,147441,['Ridley Scott']
571,150540,['Pete Docter']
572,150689,['Kenneth Branagh']
573,152259,['Todd Robinson']
574,153518,"['Fergal Reilly', 'Clay Kaytis']"
575,156022,['Antoine Fuqua']
576,156717,['Roel Reiné']
577,157336,['Christopher Nolan']
578,157350,['Neil Burger']
579,158011,['Brad Anderson']
580,158015,['James DeMonaco']
581,159824,['Genndy Tartakovsky']
582,166424,"['Simon Kinberg', 'Josh Trank', 'Steven E. Rivkin']"
583,166426,"['Joachim Rønning', 'Espen Sandberg']"
584,166428,['Dean DeBlois']
585,167032,['Don Mancini']
586,168259,['James Wan']
587,169209,['Dito Montiel']
588,169917,['Scott Frank']
589,171581,['Scott Wiper']
590,172385,['Carlos Saldanha']
591,173185,['David Moreau']
592,174772,['Sebastián Cordero']
593,177572,"['Chris Williams', 'Don Hall']"
594,177677,['Christopher McQuarrie']
595,179826,['Stephen Sommers']
596,181808,['Rian Johnson']
597,181812,['J.J. Abrams']
598,184315,['Brett Ratner']
599,184345,['Michael Tiddes']
600,187017,"['Phil Lord', 'Christopher Miller']"
601,190859,['Clint Eastwood']
602,193893,['Luke Greenfield']
603,198184,['Neill Blomkamp']
604,198663,['Wes Ball']
605,200085,['Kim Sung-soo']
606,205126,['W.D. Hogan']
607,206647,['Sam Mendes']
608,207703,['Matthew Vaughn']
609,209112,['Zack Snyder']
610,210577,['David Fincher']
611,213927,['Alex Ranarivelo']
612,214756,['Seth MacFarlane']
613,216015,['Sam Taylor-Johnson']
614,216282,['Steven Quale']
615,222935,['Josh Boone']
616,223702,"['Conrad Vernon', 'Greg Tiernan']"
617,225886,['Jake Kasdan']
618,227348,['Christopher Landon']
619,227719,['Dean Israelite']
620,227859,['Anna Zielinski']
621,228150,['David Ayer']
622,228161,['Tim Johnson']
623,228165,['Paul Tibbitt']
624,228326,['Jorge R. Gutierrez']
625,232672,['Frank Coraci']
626,238636,['James DeMonaco']
627,240832,['Luc Besson']
628,241259,['James Bobin']
629,242582,['Dan Gilroy']
630,245891,['Chad Stahelski']
631,246655,['Bryan Singer']
632,249070,['Aleksander Bach']
633,250546,['John R. Leonetti']
634,253412,['Baltasar Kormákur']
635,254128,['Brad Peyton']
636,256591,"['Glenn Ficarra', 'John Requa']"
637,257344,['Chris Columbus']
638,257346,['Kenichi Shimizu']
639,257445,['Rob Letterman']
640,258489,['David Yates']
641,259316,['David Yates']
642,259693,['James Wan']
643,260346,['Olivier Megaton']
644,260372,['Nick Lyon']
645,260513,['Brad Bird']
646,260514,['Brian Fee']
647,262500,['Robert Schwentke']
648,263115,['James Mangold']
649,263472,['Eli Roth']
650,265208,['Simon West']
651,267860,['Babak Najafi']
652,268896,['Steven S. DeKnight']
653,269149,"['Byron Howard', 'Rich Moore']"
654,270771,['Thomas S. Hammock']
655,270946,"['Eric Darnell', 'Simon J. Smith']"
656,271110,"['Anthony Russo', 'Joe Russo']"
657,273477,['Christopher Landon']
658,273481,['Denis Villeneuve']
659,274854,['Breck Eisner']
660,274855,['Dean Devlin']
661,276907,['Brian Helgeland']
662,277217,['Kenny Ortega']
663,277597,['Christopher Ray']
664,278154,['Mike Thurmeier']
665,278924,['Dennis Gansel']
666,278927,['Jon Favreau']
667,280002,['Casey La Scala']
668,281338,['Matt Reeves']
669,281957,['Alejandro González Iñárritu']
670,282035,['Alex Kurtzman']
671,283366,['Tim Burton']
672,283566,['Hideaki Anno']
673,283995,['James Gunn']
674,284052,['Scott Derrickson']
675,284053,['Taika Waititi']
676,284054,['Ryan Coogler']
677,286217,['Ridley Scott']
678,287903,['Michael Dougherty']
679,287947,['David F. Sandberg']
680,287948,['Camille Delamarre']
681,289720,['Nick Powell']
682,290595,['Cedric Nicolas-Troyan']
683,290764,['Daniel Benmayor']
684,290859,['Tim Miller']
685,291805,['Jon M. Chu']
686,291870,['Dan Mazer']
687,293167,['Jordan Vogt-Roberts']
688,293660,['Tim Miller']
689,294254,['Wes Ball']
690,295830,['Shinji Higuchi']
691,296096,['Thea Sharrock']
692,297270,['Steve Loter']
693,297761,['David Ayer']
694,297762,['Patty Jenkins']
695,297802,['James Wan']
696,299534,"['Anthony Russo', 'Joe Russo']"
697,299536,"['Anthony Russo', 'Joe Russo']"
698,299537,"['Ryan Fleck', 'Anna Boden']"
699,300669,['Fede Alvarez']
700,300671,['Michael Bay']
701,301528,['Josh Cooley']
702,302666,['David Gidali']
703,302699,['Rawson Marshall Thurber']
704,303857,['Tadayoshi Yamamuro']
705,305470,['Dean Israelite']
706,307081,['Antoine Fuqua']
707,308531,['Dave Green']
708,311324,['Zhang Yimou']
709,312221,['Ryan Coogler']
710,313297,['Travis Knight']
711,315465,['Mamoru Hosoda']
712,315635,['Jon Watts']
713,315837,['Rupert Sanders']
714,316727,['James DeMonaco']
715,320288,['Simon Kinberg']
716,321612,['Bill Condon']
717,323660,['Jeremy M. Inman']
718,324552,['Chad Stahelski']
719,324786,['Mel Gibson']
720,324852,"['Kyle Balda', 'Pierre Coffin']"
721,324857,"['Rodney Rothman', 'Peter Ramsey', 'Bob Persichetti']"
722,326359,"['Chris Buck', 'Jennifer Lee']"
723,329440,['Jason Zada']
724,329865,['Denis Villeneuve']
725,330457,"['Chris Buck', 'Jennifer Lee']"
726,331482,['Greta Gerwig']
727,333339,['Steven Spielberg']
728,333484,['Antoine Fuqua']
729,335797,['Garth Jennings']
730,335983,['Ruben Fleischer']
731,335984,['Denis Villeneuve']
732,335988,['Michael Bay']
733,336843,['Wes Ball']
734,337167,['James Foley']
735,337339,['F. Gary Gray']
736,337401,['Niki Caro']
737,337404,['Craig Gillespie']
738,338762,['Dave Wilson']
739,338952,['David Yates']
740,338967,['Ruben Fleischer']
741,338970,['Roar Uthaug']
742,339403,['Edgar Wright']
743,339846,['Seth Gordon']
744,339984,['Patricia Riggen']
745,340102,['Josh Boone']
746,341174,['James Foley']
747,342470,['Brett Haley']
748,343611,['Edward Zwick']
749,343668,['Matthew Vaughn']
750,345887,['Antoine Fuqua']
751,345938,['Stuart Hazeldine']
752,345940,['Jon Turteltaub']
753,346364,['Andy Muschietti']
754,346651,['John Suits']
755,346672,['Anna Foerster']
756,346910,['Shane Black']
757,347626,['Mark Waters']
758,348350,['Ron Howard']
759,348893,['Todor Chapkanov']
760,350499,['Kunihiko Yuyama']
761,351286,['J. A. Bayona']
762,351819,['Michael Tiddes']
763,353081,['Christopher McQuarrie']
764,353486,['Jake Kasdan']
765,354556,['Sarik Andreasyan']
766,354912,['Lee Unkrich']
767,359724,['James Mangold']
768,359983,['Howy Parkins']
769,360920,"['Scott Mosier', 'Yarrow Cheney']"
770,362585,"['Akiyuki Simbo', 'Tatsuya Oishi']"
771,363088,['Peyton Reed']
772,364689,['Carlos Saldanha']
773,370172,['Cary Joji Fukunaga']
774,372058,['Makoto Shinkai']
775,373571,['Michael Dougherty']
776,378064,['Naoko Yamada']
777,379686,['Malcolm D. Lee']
778,381288,['M. Night Shyamalan']
779,381289,['Lasse Hallström']
780,382190,['Kunihiko Yuyama']
781,383498,['David Leitch']
782,384018,['David Leitch']
783,385103,['Tony Cervone']
784,385128,['Justin Lin']
785,390043,['Patrick Hughes']
786,391757,['Michael Jai White']
787,393345,['Don Mancini']
788,396422,['David F. Sandberg']
789,396535,['Yeon Sang-ho']
790,398818,['Luca Guadagnino']
791,399402,['Donovan Marsh']
792,399566,['Adam Wingard']
793,399579,['Robert Rodriguez']
794,400136,['Takanori Tsujimoto']
795,400155,['Genndy Tartakovsky']
796,400160,['Tim Hill']
797,400535,['Stefano Sollima']
798,400928,['Marc Webb']
799,402900,['Gary Ross']
800,404368,"['Rich Moore', 'Phil Johnston']"
801,405774,['Susanne Bier']
802,407439,['Garth Davis']
803,409502,['Brian Baugh']
804,410113,['Dave Needham']
805,412117,['Chris Renaud']
806,412656,['Doug Liman']
807,413518,['Matteo Garrone']
808,413594,['Tomohiko Ito']
809,414906,['Matt Reeves']
810,416194,['John Andreas Andersen']
811,419680,['Sean Anders']
812,419743,['Sebastián Lelio']
813,420809,['Joachim Rønning']
814,420817,['Guy Ritchie']
815,420818,['Jon Favreau']
816,423108,['Michael Chaves']
817,423204,['Ric Roman Waugh']
818,424277,['Leos Carax']
819,424694,['Bryan Singer']
820,424783,['Travis Knight']
821,425909,['Jason Reitman']
822,427641,['Brad Peyton']
823,429617,['Jon Watts']
824,431075,['Lars Klevberg']
825,431580,['Jill Culton']
826,431693,"['Troy Quane', 'Nick Bruno']"
827,431821,['Risako Yoshida']
828,436931,['Kunihiko Yuyama']
829,436969,['James Gunn']
830,438590,['Oliver Daly']
831,438631,['Denis Villeneuve']
832,438650,['Hans Petter Moland']
833,439079,['Corin Hardy']
834,442249,['Gerard McMurray']
835,445030,['Atsuko Ishizuka']
836,446893,"['Walt Dohrn', 'David P. Smith']"
837,447200,['Rawson Marshall Thurber']
838,447332,['John Krasinski']
839,447362,['Mitja Okorn']
840,447404,['Rob Letterman']
841,449406,['Kirk DeMicco']
842,449443,['Christian Gudegast']
843,450465,['M. Night Shyamalan']
844,451048,['Jaume Collet-Serra']
845,451156,['David Winning']
846,453354,['Léa Mysius']
847,453405,['Ang Lee']
848,454286,['Michael Mason']
849,454626,['Jeff Fowler']
850,454640,['Thurop Van Orman']
851,454699,['Holger Tappe']
852,454983,['Vince Marcello']
853,456740,['Neil Marshall']
854,458156,['Chad Stahelski']
855,458220,['Fisher Stevens']
856,458576,['Paul W. S. Anderson']
857,459151,['Tom McGrath']
858,460458,['Johannes Roberts']
859,460465,['Simon McQuoid']
860,464052,['Patty Jenkins']
861,466272,['Quentin Tarantino']
862,466282,['Susan Johnson']
863,471498,['Alexandre Aja']
864,471707,['Jan Komasa']
865,474350,['Andy Muschietti']
866,474392,['Bruce MacDonald']
867,475215,['Mamoru Hosoda']
868,475557,['Todd Phillips']
869,476292,['Mari Okada']
870,476669,['Matthew Vaughn']
871,476968,['Andrew Hyatt']
872,479455,['F. Gary Gray']
873,480157,['Alex Merkin']
874,480414,['Michael Chaves']
875,480530,['Steven Caple Jr.']
876,481084,"['Conrad Vernon', 'Greg Tiernan']"
877,481848,['Chris Sanders']
878,482321,"['Sarah Smith', 'Jean-Philippe Vine']"
879,482373,['Rodo Sayagues']
880,484510,['Joel Crawford']
881,484718,['Craig Brewer']
882,486589,['Hong Sung-ho']
883,487297,['Adam Shankman']
884,495764,['Cathy Yan']
885,496243,['Bong Joon-ho']
886,497698,['Cate Shortland']
887,499701,['James Bobin']
888,503314,['Tatsuya Nagamine']
889,503736,['Zack Snyder']
890,504253,['Shinichiro Ushijima']
891,506574,['Kenny Ortega']
892,506680,['Harold Cronk']
893,507086,['Colin Trevorrow']
894,508439,['Dan Scanlon']
895,508442,['Pete Docter']
896,508943,['Enrico Casarosa']
897,508947,['Domee Shi']
898,508965,['Sergio Pablos']
899,509635,['John Hyams']
900,509967,['Michael Bay']
901,511987,['Alexandre Aja']
902,512025,['Patrick Brice']
903,512195,['Rawson Marshall Thurber']
904,512200,['Jake Kasdan']
905,513310,['Joe Carnahan']
906,520725,['Michel Hazanavicius']
907,520763,['John Krasinski']
908,520946,['Alexs Stadermann']
909,521029,['Gary Dauberman']
910,522162,['Roland Emmerich']
911,522241,['Dominic Cooke']
912,522402,['Miguel Sapochnik']
913,522406,['Christopher MacBride']
914,522444,['Andrew Traucki']
915,522478,['Will Gluck']
916,522518,['Gail Mancuso']
917,522627,['Guy Ritchie']
918,522681,['Adam Robitel']
919,522931,['Patrick Hughes']
920,522938,['Adrian Grünberg']
921,523536,"['Thorbjørn Christoffersen', 'Anders Matthesen']"
922,523931,['James Thomas']
923,524047,['Ric Roman Waugh']
924,524216,['Ryan Spindell']
925,524251,['Adam Randall']
926,524369,['Alan Taylor']
927,524434,['Chloé Zhao']
928,527435,['Clay Kaytis']
929,527641,['Justin Baldoni']
930,527774,"['Don Hall', 'Carlos López Estrada']"
931,527776,['Alex Kendrick']
932,529106,['Oleg Trofim']
933,529203,['Joel Crawford']
934,530915,['Sam Mendes']
935,531219,['Robert Zemeckis']
936,531499,['David Ayer']
937,532067,['Takaomi Kanasaki']
938,532321,"['Masaharu Watanabe', 'Tatsuya Koyanagi']"
939,533642,['Lars Klevberg']
940,534338,['Perry Lang']
941,535845,['Tom Shadyac']
942,536728,['Rachel Winter']
943,536841,['Asif Kapadia']
944,537061,['Rebecca Sugar']
945,537116,['Lin-Manuel Miranda']
946,537915,['Jenny Gage']
947,539885,['Tate Taylor']
948,541524,['Rebecca Hall']
949,544401,"['Anthony Russo', 'Joe Russo']"
950,545609,['Sam Hargrave']
951,546554,['Rian Johnson']
952,550205,['Chris Appelhans']
953,550988,['Shawn Levy']
954,552095,"['Charles E. Bastien', 'Keith Chapman']"
955,553604,['Mark Williams']
956,553839,['Yutaka Uemura']
957,556803,['Mike Rohl']
958,559907,['David Lowery']
959,560050,['Glen Keane']
960,560144,"[""Liam O'Donnell""]"
961,565028,['Nia DaCosta']
962,566525,['Destin Daniel Cretton']
963,567189,['Stefano Sollima']
964,567604,['David Leitch']
965,567690,['Stephen Chbosky']
966,567748,['Antoine Fuqua']
967,568124,"['Byron Howard', 'Jared Bush']"
968,568160,['Makoto Shinkai']
969,568620,['Robert Schwentke']
970,570269,['Hiroshi Nishikiori']
971,571891,"['Motonori Sakakibara', 'Kunihiko Yuyama']"
972,573699,"['Zhao Ji', 'Amp Wong']"
973,574060,['Navot Papushado']
974,575088,['Svyatoslav Podgaevsky']
975,575803,['Steven Wouterlood']
976,575813,['Derek Tsang']
977,576004,['Keola Racela']
978,576845,['Edgar Wright']
979,577922,['Christopher Nolan']
980,578701,['Taylor Sheridan']
981,578908,['Kitao Sakurai']
982,579047,['Lisa Joy']
983,580489,['Andy Serkis']
984,580532,['Nicholas Jarecki']
985,581389,['Jo Sung-hee']
986,581392,['Yeon Sang-ho']
987,581528,['Lee Won-tae']
988,581644,['Renny Harlin']
989,581726,['Antoine Fuqua']
990,583083,['Vince Marcello']
991,585216,['Adam Robitel']
992,585245,['Walt Becker']
993,586047,['Lee Yong-ju']
994,587496,['Dave Franco']
995,587807,['Tim Story']
996,587996,['Lluís Quílez']
997,588228,['Chris McKay']
998,588921,['Richard Claus']
999,589761,['Danila Kozlovsky']
1000,590706,['Dimitri Logothetis']
1001,590995,['Zoe Lister-Jones']
1002,591273,['Leigh Janiak']
1003,591274,['Leigh Janiak']
1004,591275,['Leigh Janiak']
1005,592656,['Jérémie Guez']
1006,592863,['Liesl Tommy']
1007,593910,['Kay Cannon']
1008,594328,['Bob Bowen']
1009,594718,['Egor Abramenko']
1010,595149,['Darren Lynn Bousman']
1011,595280,['Claudia Llosa']
1012,595743,['Magnus Martens']
1013,597316,"['José Luis Ucha', 'Mark Fattibene', 'Robert Cullen']"
1014,597433,['Ferdinando Cito Filomarino']
1015,597890,['Neil Burger']
1016,597891,['Cedric Nicolas-Troyan']
1017,600583,['Jane Campion']
1018,601666,['J Blakeson']
1019,602063,['Keishi Ōtomo']
1020,602223,['Everardo Gout']
1021,602269,['John Lee Hancock']
1022,602288,['Lee Mi-young']
1023,602734,['Darren Lynn Bousman']
1024,604360,['Kim Tae-hyoung']
1025,604822,['Stanley Tong']
1026,606523,['Park Hoon-jung']
1027,607259,['Paul Weitz']
1028,607383,['Renaud Gauthier']
1029,609972,['William Eubank']
1030,610253,['David Gordon Green']
1031,611489,['John Berardo']
1032,613504,['Roger Kumble']
1033,614409,['Michael Fimognari']
1034,614917,['Reinaldo Marcus Green']
1035,615457,['Ilya Naishuller']
1036,615658,['Mark Raso']
1037,615666,['Gil Kenan']
1038,615677,['Robert Rodriguez']
1039,615678,['Ben Falcone']
1040,615982,['Alper Mestçi']
1041,616651,['Tom McCarthy']
1042,617502,['Tanya Wexler']
1043,617653,['Ridley Scott']
1044,617708,['Jayro Bustamante']
1045,618162,['Jeymes Samuel']
1046,618344,"['Matt Peters', 'Christina Sotta']"
1047,619297,['Brian Andrew Mendoza']
1048,619778,['James Wan']
1049,621013,['Richard Tanne']
1050,621151,['Mark Tonderai']
1051,621870,['Anna Mastro']
1052,621876,['Lena Khan']
1053,622855,['David E. Talbert']
1054,623491,['McG']
1055,624963,['Rachel Talalay']
1056,630004,['Jaume Balagueró']
1057,630240,['Julia Ducournau']
1058,630520,['Gastón Portal']
1059,630586,['Mike P. Nelson']
1060,631132,['Takaharu Ozaki']
1061,631843,['M. Night Shyamalan']
1062,632357,['Evan Spiliotopoulos']
1063,632632,['Hikaru Yamaguchi']
1064,633515,['Matthijs van Heijningen Jr.']
1065,633802,['Svyatoslav Podgaevsky']
1066,633954,['Ricardo Trogi']
1067,634528,['Robert Lorenz']
1068,634649,['Jon Watts']
1069,635302,['Haruo Sotozaki']
1070,637534,['Cédric Jimenez']
1071,637649,['Guy Ritchie']
1072,637693,['Elaine Bogan']
1073,638134,['Reinhard Klooss']
1074,638449,['Augustine Frizzell']
1075,638507,['Tim Johnson']
1076,638597,['Miguel Arteta']
1077,639721,"['Conrad Vernon', 'Greg Tiernan']"
1078,641501,['Douglas Attal']
1079,643586,['Kevin Lewis']
1080,643882,['Mike Rohl']
1081,644083,['Martin Owen']
1082,644092,['Jude Weng']
1083,644495,['Ridley Scott']
1084,645710,['Michael Mohan']
1085,645788,['Martin Campbell']
1086,645856,['Justin P. Lange']
1087,646207,['Jonathan Hensleigh']
1088,647302,['Karl Holt']
1089,649087,['Alain Darborg']
1090,649409,['Steven Soderbergh']
1091,649928,"['Michael Please', 'Daniel Ojari']"
1092,651571,['John Suits']
1093,652004,['Jim Cummings']
1094,653349,['Clay Tarver']
1095,654028,['Chris Columbus']
1096,654974,['Dan Mazer']
1097,655431,['Naoyoshi Shiotani']
1098,656940,['John Swab']
1099,657811,['Hanno Olderdissen']
1100,659940,['Martin Zandvliet']
1101,660982,['Mike Elliott']
1102,662546,['Sharon Maguire']
1103,662708,['Tetsuo Yajima']
1104,663558,['Zhao Ji']
1105,664236,['David Silverman']
1106,664413,"['Barbara Bialowas', 'Tomasz Mandes']"
1107,664767,['Ethan Spaulding']
1108,665251,"['Yoshiyuki Okada', 'Takeru Nakajima']"
1109,667141,['Brea Grant']
1110,667520,"['Junichi Sato', 'Tomotaka Shibayama']"
1111,667757,['Natalia Meta']
1112,667969,['Sarah Adina Smith']
1113,669671,['Adam Randall']
1114,671043,['Nicolas Cuche']
1115,672322,['Keishi Ōtomo']
1116,672582,"['Alexandre Bustillo', 'Julien Maury']"
1117,672741,['SK Dale']
1118,675024,['Rodrigo Fiallega']
1119,675319,['Andrew Baird']
1120,675327,['Roseanne Liang']
1121,675445,['Cal Brunker']
1122,677638,['Daniel Chong']
1123,680531,['Mélanie Laurent']
1124,681019,['Bartosz M. Kowalski']
1125,681887,['Edward Drake']
1126,682254,"['Maxwell Atoms', 'Melchior Zwyer', 'Christina Sotta']"
1127,683127,['Goro Miyazaki']
1128,684281,['Thorsten Klein']
1129,689249,"['Luis Alfaro', 'Pablo Lejarreta']"
1130,691179,['Ben Winston']
1131,698320,['Catherine Devaney']
1132,703745,['John Pogue']
1133,711475,['Billy Crystal']
1134,712121,['Magnus von Horn']
1135,712454,['Patrick Imbert']
1136,716594,['Amber Sealey']
1137,716612,['Pablo Larraín']
1138,717192,['Cecilia Verheyden']
1139,718633,['Halle Berry']
1140,718867,['Ahn Byoung-wook']
1141,718949,['Jared Cohn']
1142,719088,['Masahiro Takata']
1143,720026,['Adrian Langley']
1144,721656,['Maxwell Atoms']
1145,723072,['Rob Savage']
1146,725649,['Carlos Moreno']
1147,726429,['Daniel Benmayor']
1148,726684,['Thomas Astruc']
1149,726739,['Sean McNamara']
1150,727745,['Vince Marcello']
1151,728791,"['Fionn Watts', 'Toby Watts']"
1152,729720,['David Charhon']
1153,730840,"['Andrew L. Schmidt', 'Francisco Ruiz Velasco', 'Johane Matte']"
1154,734265,['Hernán Jiménez']
1155,736069,['Jeff Wamester']
1156,736073,['Chris Palmer']
1157,736074,['Chris Palmer']
1158,736509,['Gus Holwerda']
1159,737568,['Ryûhei Kitamura']
1160,738215,['Conrad Helten']
1161,739542,['Matt Thompson']
1162,739990,['David Yarovesky']
1163,740925,['Santiago Menghini']
1164,741074,"['Dan Abraham', 'Trent Correy']"
1165,743439,['Charles E. Bastien']
1166,744275,['Castille Landon']
1167,747688,['Marco Tullio Giordana']
1168,749274,['Clint Eastwood']
1169,749618,['Eric Cabello']
1170,752455,"[""Damien O'Connor""]"
1171,753453,"['Simon Barrett', 'Timo Tjahjanto', 'Steven Kostanski', 'Jennifer Reeder', 'Chloe Okuno', 'Ryan Prows']"
1172,755812,['Thomas Astruc']
1173,756278,['Shana Betz']
1174,758879,['Mary Lambert']
1175,760195,['William Brent Bell']
1176,760747,['Tommy Wirkola']
1177,760883,['Peter Thorwarth']
1178,762469,"['Philippe Martinez', 'Mick Davis']"
1179,762879,['Andy Fickman']
1180,763025,['Kellie Madison']
1181,763149,['Peter Winther']
1182,763164,['Edward Drake']
1183,763240,['Wendy Morgan']
1184,763532,['Josh Lawson']
1185,763873,['Alex Zamm']
1186,766798,['Pedro Almodóvar']
1187,767304,['Hicham Hajji']
1188,767377,['Ram Madhvani']
1189,767504,['Maritte Lee Go']
1190,768334,"['Roberto De Feo', 'Paolo Strippoli']"
1191,768447,['Craig David Wallace']
1192,768449,['Kirk Caouette']
1193,769749,['Brian Baugh']
1194,774021,['Neill Blomkamp']
1195,774741,['Swinton O. Scott III']
1196,774810,['Eddie Rosas']
1197,775996,['Mikael Håfström']
1198,776503,['Siân Heder']
1199,776821,['Daniel Monzón']
1200,776909,['Juana Macías']
1201,778552,['Lucas Miles']
1202,785457,['Stephen Herek']
1203,785516,['Dany Boon']
1204,785533,['Mike Rohl']
1205,785538,['Alexandre Moratto']
1206,785539,['Steven K. Tsuchida']
1207,785545,['Steve Cox']
1208,785752,['Adam Salky']
1209,786705,['Bruno Garotti']
1210,787009,['Jerren Lauder']
1211,791373,['Zack Snyder']
1212,793723,['Julien Leclercq']
1213,795607,['Amp Wong']
1214,796428,['Ryan Zaragoza']
1215,796499,['Matthias Schweighöfer']
1216,796849,['Ryuichi Hiroki']
1217,797394,['Alexey Tsitsilin']
1218,800497,['Josh Ruben']
1219,802217,['Michael Dowse']
1220,802226,['Gigi Saúl Guerrero']
1221,802504,"['Aram van de Rest', 'Appie Boudellah']"
1222,804435,['George Gallo']
1223,808023,['Nick Stagliano']
1224,809314,['Brad Turner']
1225,809968,['Daniel Markowicz']
1226,810873,['Michael Mayer']
1227,812456,['Cassi Simonds']
1228,813258,"['Derek Drymon', 'Jennifer Kluska']"
1229,817451,['M.J. Bassett']
1230,818659,['Leandro Neri']
1231,823855,['Donovan Marsh']
1232,825997,['Jon Keeyes']
1233,831405,['Matt Peters']
1234,841755,['Ethan Spaulding']
1235,842171,"['Adirek Wattaleela', 'Jetarin Ratanaserikiat', 'Sita Likitvanichkul', 'Apirak Samudkitpaisan', 'Thanabodee Uawithya']"
1236,843241,['Takayuki Hamana']
1237,843906,['Cecilia Aranovich']
1238,845422,['Marcos Bucay']
1239,846167,['Piotr Mularuk']
1240,846214,['David Silverman']
1241,847981,['Miguel Alexandre']
1242,850818,['Scott Pleydell-Pearce']
1243,853588,['Thomas Sieben']
1244,857910,"['José Julián Gaviria', 'Yedinson Flórez']"
1245,864873,"['Matt Angel', 'Suzanne Coote']"
1246,869623,['Robert Greene']
1247,871964,['Bartosz M. Kowalski']
1248,874948,['Türkan Derya']
1249,874965,['Florian Gottschick']
1250,883648,"['Gray Hofmeyr', 'Ziggy Hofmeyr']"
1251,885110,['Izu Ojukwu']
1252,887645,['Ale McHaddo']
1253,888910,"['Mor Loushy', 'Daniel Sivan']"
1254,889300,['Mehmet Ada Öztekin']
1255,895001,['Wisit Sasanatieng']
