,id,genre_ids,name
0,11,"[878, 28, 12]","['Sci-Fi', 'Akcja', 'Przygodowy']"
1,12,"[16, 10751]","['Animacja', 'Familijny']"
2,13,"[35, 18, 10749]","['Komedia', 'Dramat', 'Romans']"
3,22,"[28, 12, 14]","['Akcja', 'Przygodowy', 'Fantasy']"
4,24,"[28, 80]","['Akcja', 'Kryminał']"
5,35,"[35, 16, 10751]","['Komedia', 'Animacja', 'Familijny']"
6,58,"[28, 12, 14]","['Akcja', 'Przygodowy', 'Fantasy']"
7,95,"[878, 28, 12, 53]","['Sci-Fi', 'Akcja', 'Przygodowy', 'Thriller']"
8,98,"[28, 12, 18]","['Akcja', 'Przygodowy', 'Dramat']"
9,105,"[878, 12, 35, 10751]","['Sci-Fi', 'Przygodowy', 'Komedia', 'Familijny']"
10,106,"[878, 28, 12, 53]","['Sci-Fi', 'Akcja', 'Przygodowy', 'Thriller']"
11,111,"[28, 80, 53, 18]","['Akcja', 'Kryminał', 'Thriller', 'Dramat']"
12,118,"[12, 35, 10751, 14]","['Przygodowy', 'Komedia', 'Familijny', 'Fantasy']"
13,120,"[28, 12, 14]","['Akcja', 'Przygodowy', 'Fantasy']"
14,121,"[28, 12, 14]","['Akcja', 'Przygodowy', 'Fantasy']"
15,122,"[28, 12, 14]","['Akcja', 'Przygodowy', 'Fantasy']"
16,129,"[16, 10751, 14]","['Animacja', 'Familijny', 'Fantasy']"
17,149,"[878, 28, 16]","['Sci-Fi', 'Akcja', 'Animacja']"
18,155,"[28, 80, 53, 18]","['Akcja', 'Kryminał', 'Thriller', 'Dramat']"
19,176,"[80, 27, 9648]","['Kryminał', 'Horror', 'Tajemnica']"
20,189,"[28, 80, 53]","['Akcja', 'Kryminał', 'Thriller']"
21,238,"[80, 18]","['Kryminał', 'Dramat']"
22,268,"[28, 14]","['Akcja', 'Fantasy']"
23,272,"[28, 80, 18]","['Akcja', 'Kryminał', 'Dramat']"
24,278,"[80, 18]","['Kryminał', 'Dramat']"
25,280,"[878, 28, 53]","['Sci-Fi', 'Akcja', 'Thriller']"
26,285,"[28, 12, 14]","['Akcja', 'Przygodowy', 'Fantasy']"
27,310,"[35, 14]","['Komedia', 'Fantasy']"
28,348,"[878, 27]","['Sci-Fi', 'Horror']"
29,350,"[35, 18, 10749]","['Komedia', 'Dramat', 'Romans']"
30,408,"[16, 10751, 14]","['Animacja', 'Familijny', 'Fantasy']"
31,411,"[12, 10751, 14]","['Przygodowy', 'Familijny', 'Fantasy']"
32,425,"[12, 35, 16, 10751]","['Przygodowy', 'Komedia', 'Animacja', 'Familijny']"
33,440,"[878, 28, 53, 14, 27]","['Sci-Fi', 'Akcja', 'Thriller', 'Fantasy', 'Horror']"
34,497,"[80, 14, 18]","['Kryminał', 'Fantasy', 'Dramat']"
35,534,"[878, 28, 53]","['Sci-Fi', 'Akcja', 'Thriller']"
36,550,[18],['Dramat']
37,557,"[28, 14]","['Akcja', 'Fantasy']"
38,558,"[28, 12, 14]","['Akcja', 'Przygodowy', 'Fantasy']"
39,559,"[28, 12, 14]","['Akcja', 'Przygodowy', 'Fantasy']"
40,561,"[28, 14, 27]","['Akcja', 'Fantasy', 'Horror']"
41,564,"[28, 12, 14]","['Akcja', 'Przygodowy', 'Fantasy']"
42,585,"[35, 16, 10751]","['Komedia', 'Animacja', 'Familijny']"
43,597,"[18, 10749]","['Dramat', 'Romans']"
44,603,"[878, 28]","['Sci-Fi', 'Akcja']"
45,604,"[878, 28, 12, 53]","['Sci-Fi', 'Akcja', 'Przygodowy', 'Thriller']"
46,605,"[878, 28, 12, 53]","['Sci-Fi', 'Akcja', 'Przygodowy', 'Thriller']"
47,607,"[878, 28, 12, 35]","['Sci-Fi', 'Akcja', 'Przygodowy', 'Komedia']"
48,615,[18],['Dramat']
49,620,"[35, 14]","['Komedia', 'Fantasy']"
50,630,"[12, 10751, 14]","['Przygodowy', 'Familijny', 'Fantasy']"
51,652,"[12, 36, 10752]","['Przygodowy', 'Historyczny', 'Wojenny']"
52,671,"[12, 14]","['Przygodowy', 'Fantasy']"
53,672,"[12, 14]","['Przygodowy', 'Fantasy']"
54,673,"[12, 14]","['Przygodowy', 'Fantasy']"
55,674,"[12, 10751, 14]","['Przygodowy', 'Familijny', 'Fantasy']"
56,675,"[12, 14, 9648]","['Przygodowy', 'Fantasy', 'Tajemnica']"
57,676,"[28, 18, 36, 10749, 10752]","['Akcja', 'Dramat', 'Historyczny', 'Romans', 'Wojenny']"
58,680,"[80, 53]","['Kryminał', 'Thriller']"
59,694,"[53, 27]","['Thriller', 'Horror']"
60,756,"[16, 10751]","['Animacja', 'Familijny']"
61,767,"[12, 14]","['Przygodowy', 'Fantasy']"
62,772,"[12, 35, 10751]","['Przygodowy', 'Komedia', 'Familijny']"
63,808,"[12, 35, 16, 10751, 14]","['Przygodowy', 'Komedia', 'Animacja', 'Familijny', 'Fantasy']"
64,809,"[12, 35, 16, 10751, 14]","['Przygodowy', 'Komedia', 'Animacja', 'Familijny', 'Fantasy']"
65,810,"[12, 35, 16, 10751, 14]","['Przygodowy', 'Komedia', 'Animacja', 'Familijny', 'Fantasy']"
66,812,"[12, 16, 10751, 14, 10749]","['Przygodowy', 'Animacja', 'Familijny', 'Fantasy', 'Romans']"
67,841,"[878, 28, 12]","['Sci-Fi', 'Akcja', 'Przygodowy']"
68,854,"[35, 80, 14, 10749]","['Komedia', 'Kryminał', 'Fantasy', 'Romans']"
69,857,"[18, 36, 10752]","['Dramat', 'Historyczny', 'Wojenny']"
70,862,"[12, 35, 16, 10751]","['Przygodowy', 'Komedia', 'Animacja', 'Familijny']"
71,863,"[35, 16, 10751]","['Komedia', 'Animacja', 'Familijny']"
72,888,"[35, 10751, 14]","['Komedia', 'Familijny', 'Fantasy']"
73,920,"[12, 35, 16, 10751]","['Przygodowy', 'Komedia', 'Animacja', 'Familijny']"
74,950,"[12, 35, 16, 10751]","['Przygodowy', 'Komedia', 'Animacja', 'Familijny']"
75,953,"[12, 35, 16, 10751]","['Przygodowy', 'Komedia', 'Animacja', 'Familijny']"
76,1250,"[28, 53, 14]","['Akcja', 'Thriller', 'Fantasy']"
77,1267,"[35, 16, 10751]","['Komedia', 'Animacja', 'Familijny']"
78,1364,"[18, 10749]","['Dramat', 'Romans']"
79,1369,"[28, 12, 53, 10752]","['Akcja', 'Przygodowy', 'Thriller', 'Wojenny']"
80,1372,"[28, 53, 18]","['Akcja', 'Thriller', 'Dramat']"
81,1374,[18],['Dramat']
82,1427,"[80, 14, 18]","['Kryminał', 'Fantasy', 'Dramat']"
83,1579,"[28, 53, 18, 36]","['Akcja', 'Thriller', 'Dramat', 'Historyczny']"
84,1724,"[878, 28, 12]","['Sci-Fi', 'Akcja', 'Przygodowy']"
85,1726,"[878, 28, 12]","['Sci-Fi', 'Akcja', 'Przygodowy']"
86,1734,"[28, 12, 14]","['Akcja', 'Przygodowy', 'Fantasy']"
87,1771,"[878, 28, 12]","['Sci-Fi', 'Akcja', 'Przygodowy']"
88,1865,"[28, 12, 14]","['Akcja', 'Przygodowy', 'Fantasy']"
89,1930,"[28, 12, 14]","['Akcja', 'Przygodowy', 'Fantasy']"
90,2062,"[35, 16, 10751, 14]","['Komedia', 'Animacja', 'Familijny', 'Fantasy']"
91,2105,"[35, 10749]","['Komedia', 'Romans']"
92,2109,"[28, 35, 80]","['Akcja', 'Komedia', 'Kryminał']"
93,2454,"[12, 10751, 14]","['Przygodowy', 'Familijny', 'Fantasy']"
94,2758,"[35, 10751, 14]","['Komedia', 'Familijny', 'Fantasy']"
95,2770,"[35, 10749]","['Komedia', 'Romans']"
96,2907,"[35, 10751, 14, 27]","['Komedia', 'Familijny', 'Fantasy', 'Horror']"
97,2978,"[35, 14]","['Komedia', 'Fantasy']"
98,3170,"[16, 10751, 18]","['Animacja', 'Familijny', 'Dramat']"
99,3933,"[16, 14, 10749]","['Animacja', 'Fantasy', 'Romans']"
100,4108,"[28, 80, 53]","['Akcja', 'Kryminał', 'Thriller']"
101,4232,"[80, 27, 9648]","['Kryminał', 'Horror', 'Tajemnica']"
102,4247,[35],['Komedia']
103,4248,[35],['Komedia']
104,4256,[35],['Komedia']
105,4258,[35],['Komedia']
106,4523,"[35, 10751, 14, 10749]","['Komedia', 'Familijny', 'Fantasy', 'Romans']"
107,4564,"[35, 18, 10749]","['Komedia', 'Dramat', 'Romans']"
108,4935,"[12, 16, 14]","['Przygodowy', 'Animacja', 'Fantasy']"
109,5255,"[12, 35, 16, 10751, 14]","['Przygodowy', 'Komedia', 'Animacja', 'Familijny', 'Fantasy']"
110,5559,"[12, 35, 16, 10751]","['Przygodowy', 'Komedia', 'Animacja', 'Familijny']"
111,6466,[27],['Horror']
112,6477,"[35, 16, 10751, 14]","['Komedia', 'Animacja', 'Familijny', 'Fantasy']"
113,6479,"[878, 53, 18]","['Sci-Fi', 'Thriller', 'Dramat']"
114,6844,"[18, 36]","['Dramat', 'Historyczny']"
115,7220,"[28, 80, 18]","['Akcja', 'Kryminał', 'Dramat']"
116,7342,"[18, 27, 10770]","['Dramat', 'Horror', 'film TV']"
117,7445,"[53, 18, 10752]","['Thriller', 'Dramat', 'Wojenny']"
118,7446,"[28, 12, 35, 10752]","['Akcja', 'Przygodowy', 'Komedia', 'Wojenny']"
119,7555,"[28, 53]","['Akcja', 'Thriller']"
120,8275,[35],['Komedia']
121,8277,[35],['Komedia']
122,8355,"[12, 35, 16, 10751]","['Przygodowy', 'Komedia', 'Animacja', 'Familijny']"
123,8363,[35],['Komedia']
124,8373,"[878, 28, 12]","['Sci-Fi', 'Akcja', 'Przygodowy']"
125,8587,"[16, 10751, 18]","['Animacja', 'Familijny', 'Dramat']"
126,8681,"[28, 53]","['Akcja', 'Thriller']"
127,8871,"[35, 10751, 14]","['Komedia', 'Familijny', 'Fantasy']"
128,8920,"[35, 16, 10751]","['Komedia', 'Animacja', 'Familijny']"
129,8922,"[53, 27]","['Thriller', 'Horror']"
130,8960,"[28, 14]","['Akcja', 'Fantasy']"
131,8961,"[28, 12, 35, 80, 53]","['Akcja', 'Przygodowy', 'Komedia', 'Kryminał', 'Thriller']"
132,8966,"[14, 18, 10749]","['Fantasy', 'Dramat', 'Romans']"
133,8982,"[28, 80, 53, 18]","['Akcja', 'Kryminał', 'Thriller', 'Dramat']"
134,9021,"[35, 10751, 14]","['Komedia', 'Familijny', 'Fantasy']"
135,9023,"[12, 35, 16, 10751, 18, 37]","['Przygodowy', 'Komedia', 'Animacja', 'Familijny', 'Dramat', 'Western']"
136,9078,"[16, 10751]","['Animacja', 'Familijny']"
137,9279,"[12, 35, 10751]","['Przygodowy', 'Komedia', 'Familijny']"
138,9286,"[27, 9648]","['Horror', 'Tajemnica']"
139,9297,"[35, 16, 10751, 14]","['Komedia', 'Animacja', 'Familijny', 'Fantasy']"
140,9316,"[28, 53]","['Akcja', 'Thriller']"
141,9325,"[12, 16, 10751]","['Przygodowy', 'Animacja', 'Familijny']"
142,9340,"[12, 35, 10751]","['Przygodowy', 'Komedia', 'Familijny']"
143,9358,"[27, 9648]","['Horror', 'Tajemnica']"
144,9373,[27],['Horror']
145,9444,"[16, 10751]","['Animacja', 'Familijny']"
146,9479,"[16, 10751, 14]","['Animacja', 'Familijny', 'Fantasy']"
147,9487,"[12, 35, 16, 10751]","['Przygodowy', 'Komedia', 'Animacja', 'Familijny']"
148,9488,"[28, 12, 35, 10751]","['Akcja', 'Przygodowy', 'Komedia', 'Familijny']"
149,9502,"[28, 12, 35, 16, 10751]","['Akcja', 'Przygodowy', 'Komedia', 'Animacja', 'Familijny']"
150,9532,[27],['Horror']
151,9543,"[28, 12, 14]","['Akcja', 'Przygodowy', 'Fantasy']"
152,9552,[27],['Horror']
153,9637,"[12, 35, 9648]","['Przygodowy', 'Komedia', 'Tajemnica']"
154,9702,"[28, 80, 53, 18]","['Akcja', 'Kryminał', 'Thriller', 'Dramat']"
155,9714,"[35, 10751]","['Komedia', 'Familijny']"
156,9732,"[12, 16, 10751]","['Przygodowy', 'Animacja', 'Familijny']"
157,9769,[18],['Dramat']
158,9792,"[53, 27]","['Thriller', 'Horror']"
159,9806,"[28, 12, 16, 10751]","['Akcja', 'Przygodowy', 'Animacja', 'Familijny']"
160,9820,"[35, 10751]","['Komedia', 'Familijny']"
161,9836,"[35, 16, 10751]","['Komedia', 'Animacja', 'Familijny']"
162,9880,"[35, 10751, 10749]","['Komedia', 'Familijny', 'Romans']"
163,9902,"[53, 27]","['Thriller', 'Horror']"
164,9904,"[16, 10751]","['Animacja', 'Familijny']"
165,9948,"[12, 35, 16, 10751]","['Przygodowy', 'Komedia', 'Animacja', 'Familijny']"
166,10009,"[12, 16, 10751]","['Przygodowy', 'Animacja', 'Familijny']"
167,10012,"[35, 27]","['Komedia', 'Horror']"
168,10020,"[16, 10751, 14, 10749]","['Animacja', 'Familijny', 'Fantasy', 'Romans']"
169,10054,"[28, 12, 35, 10751]","['Akcja', 'Przygodowy', 'Komedia', 'Familijny']"
170,10112,"[12, 35, 16, 10751]","['Przygodowy', 'Komedia', 'Animacja', 'Familijny']"
171,10137,"[35, 16, 10751, 14]","['Komedia', 'Animacja', 'Familijny', 'Fantasy']"
172,10138,"[878, 28, 12]","['Sci-Fi', 'Akcja', 'Przygodowy']"
173,10144,"[16, 10751, 14]","['Animacja', 'Familijny', 'Fantasy']"
174,10184,"[35, 18, 10749]","['Komedia', 'Dramat', 'Romans']"
175,10191,"[12, 16, 10751, 14]","['Przygodowy', 'Animacja', 'Familijny', 'Fantasy']"
176,10192,"[12, 35, 16, 10751, 14]","['Przygodowy', 'Komedia', 'Animacja', 'Familijny', 'Fantasy']"
177,10193,"[35, 16, 10751]","['Komedia', 'Animacja', 'Familijny']"
178,10195,"[28, 12, 14]","['Akcja', 'Przygodowy', 'Fantasy']"
179,10196,"[28, 12, 14]","['Akcja', 'Przygodowy', 'Fantasy']"
180,10198,"[16, 10751, 10749]","['Animacja', 'Familijny', 'Romans']"
181,10201,"[35, 10749]","['Komedia', 'Romans']"
182,10202,"[35, 10751, 14, 10749]","['Komedia', 'Familijny', 'Fantasy', 'Romans']"
183,10340,"[16, 10751, 10749]","['Animacja', 'Familijny', 'Romans']"
184,10358,[35],['Komedia']
185,10386,"[878, 12, 35, 16, 10751]","['Sci-Fi', 'Przygodowy', 'Komedia', 'Animacja', 'Familijny']"
186,10501,"[28, 12, 35, 16, 10751]","['Akcja', 'Przygodowy', 'Komedia', 'Animacja', 'Familijny']"
187,10521,"[35, 10749]","['Komedia', 'Romans']"
188,10527,"[12, 35, 16, 10751]","['Przygodowy', 'Komedia', 'Animacja', 'Familijny']"
189,10555,"[28, 35, 16, 10751]","['Akcja', 'Komedia', 'Animacja', 'Familijny']"
190,10567,"[16, 10751]","['Animacja', 'Familijny']"
191,10585,[27],['Horror']
192,10588,"[10751, 14]","['Familijny', 'Fantasy']"
193,10607,[35],['Komedia']
194,10625,[35],['Komedia']
195,10674,"[12, 16, 10751]","['Przygodowy', 'Animacja', 'Familijny']"
196,10681,"[878, 16, 10751]","['Sci-Fi', 'Animacja', 'Familijny']"
197,10693,"[12, 16, 10751, 14]","['Przygodowy', 'Animacja', 'Familijny', 'Fantasy']"
198,10719,"[35, 10751, 14]","['Komedia', 'Familijny', 'Fantasy']"
199,10764,"[28, 12, 80, 53]","['Akcja', 'Przygodowy', 'Kryminał', 'Thriller']"
200,10781,"[53, 27]","['Thriller', 'Horror']"
201,10867,[18],['Dramat']
202,10882,"[16, 10751, 14, 10749]","['Animacja', 'Familijny', 'Fantasy', 'Romans']"
203,10895,"[16, 10751]","['Animacja', 'Familijny']"
204,10948,"[12, 16, 10751, 18]","['Przygodowy', 'Animacja', 'Familijny', 'Dramat']"
205,11024,"[12, 35, 14, 9648]","['Przygodowy', 'Komedia', 'Fantasy', 'Tajemnica']"
206,11036,"[18, 10749]","['Dramat', 'Romans']"
207,11186,"[53, 27]","['Thriller', 'Horror']"
208,11187,"[53, 27]","['Thriller', 'Horror']"
209,11224,"[16, 10751, 14, 10749]","['Animacja', 'Familijny', 'Fantasy', 'Romans']"
210,11249,"[35, 53, 27]","['Komedia', 'Thriller', 'Horror']"
211,11322,"[80, 36]","['Kryminał', 'Historyczny']"
212,11324,"[53, 18, 9648]","['Thriller', 'Dramat', 'Tajemnica']"
213,11359,"[12, 10751, 14]","['Przygodowy', 'Familijny', 'Fantasy']"
214,11360,"[16, 10751]","['Animacja', 'Familijny']"
215,11395,"[35, 10751, 14, 18]","['Komedia', 'Familijny', 'Fantasy', 'Dramat']"
216,11397,[35],['Komedia']
217,11430,"[35, 16, 10751]","['Komedia', 'Animacja', 'Familijny']"
218,11544,"[16, 10751]","['Animacja', 'Familijny']"
219,11631,"[35, 10749]","['Komedia', 'Romans']"
220,11674,"[35, 10751]","['Komedia', 'Familijny']"
221,11688,"[12, 35, 16, 10751, 14]","['Przygodowy', 'Komedia', 'Animacja', 'Familijny', 'Fantasy']"
222,11699,"[80, 18]","['Kryminał', 'Dramat']"
223,11811,"[35, 53, 27]","['Komedia', 'Thriller', 'Horror']"
224,11836,"[35, 16, 10751, 14]","['Komedia', 'Animacja', 'Familijny', 'Fantasy']"
225,11852,"[35, 14]","['Komedia', 'Fantasy']"
226,11932,"[35, 10749, 27]","['Komedia', 'Romans', 'Horror']"
227,11970,"[12, 35, 16, 10751, 14, 10749]","['Przygodowy', 'Komedia', 'Animacja', 'Familijny', 'Fantasy', 'Romans']"
228,12092,"[12, 16, 10751, 14]","['Przygodowy', 'Animacja', 'Familijny', 'Fantasy']"
229,12153,"[35, 80]","['Komedia', 'Kryminał']"
230,12155,"[12, 10751, 14]","['Przygodowy', 'Familijny', 'Fantasy']"
231,12230,"[12, 35, 16, 10751]","['Przygodowy', 'Komedia', 'Animacja', 'Familijny']"
232,12242,"[28, 35, 16, 10751]","['Akcja', 'Komedia', 'Animacja', 'Familijny']"
233,12244,"[878, 28, 12, 53, 16]","['Sci-Fi', 'Akcja', 'Przygodowy', 'Thriller', 'Animacja']"
234,12279,"[878, 28, 12, 35, 10751]","['Sci-Fi', 'Akcja', 'Przygodowy', 'Komedia', 'Familijny']"
235,12429,"[16, 10751, 14]","['Animacja', 'Familijny', 'Fantasy']"
236,12444,"[12, 14]","['Przygodowy', 'Fantasy']"
237,12445,"[12, 14]","['Przygodowy', 'Fantasy']"
238,12536,"[35, 10751]","['Komedia', 'Familijny']"
239,12556,"[35, 14, 10749]","['Komedia', 'Fantasy', 'Romans']"
240,13002,"[16, 10751]","['Animacja', 'Familijny']"
241,13053,"[12, 35, 16, 10751]","['Przygodowy', 'Komedia', 'Animacja', 'Familijny']"
242,13186,"[53, 27]","['Thriller', 'Horror']"
243,13189,"[10751, 14, 18, 10770]","['Familijny', 'Fantasy', 'Dramat', 'film TV']"
244,13377,"[35, 16, 10751]","['Komedia', 'Animacja', 'Familijny']"
245,13387,"[28, 12, 80, 53]","['Akcja', 'Przygodowy', 'Kryminał', 'Thriller']"
246,13394,"[12, 35, 16, 10751, 14]","['Przygodowy', 'Komedia', 'Animacja', 'Familijny', 'Fantasy']"
247,13448,"[53, 9648]","['Thriller', 'Tajemnica']"
248,13459,"[16, 10751]","['Animacja', 'Familijny']"
249,13475,"[878, 28, 12]","['Sci-Fi', 'Akcja', 'Przygodowy']"
250,13596,"[35, 10749]","['Komedia', 'Romans']"
251,13654,"[12, 35, 16, 10751]","['Przygodowy', 'Komedia', 'Animacja', 'Familijny']"
252,13673,"[35, 10751]","['Komedia', 'Familijny']"
253,13688,"[878, 35, 10751, 14, 18]","['Sci-Fi', 'Komedia', 'Familijny', 'Fantasy', 'Dramat']"
254,13811,"[878, 28, 53, 9648]","['Sci-Fi', 'Akcja', 'Thriller', 'Tajemnica']"
255,13955,"[35, 10751]","['Komedia', 'Familijny']"
256,13971,"[35, 18, 10749]","['Komedia', 'Dramat', 'Romans']"
257,14001,[27],['Horror']
258,14128,"[16, 10751, 14, 10749]","['Animacja', 'Familijny', 'Fantasy', 'Romans']"
259,14160,"[12, 35, 16, 10751]","['Przygodowy', 'Komedia', 'Animacja', 'Familijny']"
260,14161,"[878, 28, 12]","['Sci-Fi', 'Akcja', 'Przygodowy']"
261,14164,"[878, 28, 12, 53, 14]","['Sci-Fi', 'Akcja', 'Przygodowy', 'Thriller', 'Fantasy']"
262,14199,"[878, 12, 10751]","['Sci-Fi', 'Przygodowy', 'Familijny']"
263,14248,"[35, 16, 10751, 14]","['Komedia', 'Animacja', 'Familijny', 'Fantasy']"
264,14306,"[35, 10751]","['Komedia', 'Familijny']"
265,14405,"[12, 35, 10751, 10749]","['Przygodowy', 'Komedia', 'Familijny', 'Romans']"
266,14560,"[28, 12, 35, 10751]","['Akcja', 'Przygodowy', 'Komedia', 'Familijny']"
267,14836,"[16, 10751, 14]","['Animacja', 'Familijny', 'Fantasy']"
268,14869,"[878, 28, 12, 53]","['Sci-Fi', 'Akcja', 'Przygodowy', 'Thriller']"
269,15015,"[16, 10751]","['Animacja', 'Familijny']"
270,15092,"[28, 80, 53]","['Akcja', 'Kryminał', 'Thriller']"
271,15165,"[35, 16, 10751]","['Komedia', 'Animacja', 'Familijny']"
272,15255,"[28, 80, 53]","['Akcja', 'Kryminał', 'Thriller']"
273,15373,[35],['Komedia']
274,16119,"[16, 10751, 14, 10749]","['Animacja', 'Familijny', 'Fantasy', 'Romans']"
275,16290,"[28, 35, 99]","['Akcja', 'Komedia', 'Dokumentalny']"
276,16366,"[16, 10751]","['Animacja', 'Familijny']"
277,16523,"[878, 10751, 14, 18]","['Sci-Fi', 'Familijny', 'Fantasy', 'Dramat']"
278,16577,"[878, 28, 16, 10751]","['Sci-Fi', 'Akcja', 'Animacja', 'Familijny']"
279,16869,"[28, 53, 18, 10752]","['Akcja', 'Thriller', 'Dramat', 'Wojenny']"
280,16985,[35],['Komedia']
281,16995,"[53, 18]","['Thriller', 'Dramat']"
282,16996,[35],['Komedia']
283,17134,"[28, 80, 53]","['Akcja', 'Kryminał', 'Thriller']"
284,17610,"[12, 35]","['Przygodowy', 'Komedia']"
285,17654,[878],['Sci-Fi']
286,17979,"[16, 10751, 14, 18]","['Animacja', 'Familijny', 'Fantasy', 'Dramat']"
287,18126,"[35, 10751, 18, 10402, 10749]","['Komedia', 'Familijny', 'Dramat', 'Muzyczny', 'Romans']"
288,18131,"[35, 10749]","['Komedia', 'Romans']"
289,18239,"[12, 14, 18, 10749]","['Przygodowy', 'Fantasy', 'Dramat', 'Romans']"
290,18240,"[35, 18, 10749]","['Komedia', 'Dramat', 'Romans']"
291,18360,"[28, 12, 35, 10751, 14]","['Akcja', 'Przygodowy', 'Komedia', 'Familijny', 'Fantasy']"
292,18785,[35],['Komedia']
293,18823,"[28, 12, 14]","['Akcja', 'Przygodowy', 'Fantasy']"
294,19288,"[35, 27]","['Komedia', 'Horror']"
295,19458,"[35, 10751, 18, 10770]","['Komedia', 'Familijny', 'Dramat', 'film TV']"
296,19840,"[35, 10749]","['Komedia', 'Romans']"
297,19899,"[35, 10749]","['Komedia', 'Romans']"
298,19908,"[35, 27]","['Komedia', 'Horror']"
299,19912,"[27, 9648]","['Horror', 'Tajemnica']"
300,19913,"[35, 18, 10749]","['Komedia', 'Dramat', 'Romans']"
301,19994,"[35, 27]","['Komedia', 'Horror']"
302,19995,"[878, 28, 12, 14]","['Sci-Fi', 'Akcja', 'Przygodowy', 'Fantasy']"
303,20048,"[35, 10749]","['Komedia', 'Romans']"
304,20352,"[35, 16, 10751]","['Komedia', 'Animacja', 'Familijny']"
305,20453,"[35, 18]","['Komedia', 'Dramat']"
306,20526,"[878, 28, 12]","['Sci-Fi', 'Akcja', 'Przygodowy']"
307,20533,"[28, 53, 14, 18, 37]","['Akcja', 'Thriller', 'Fantasy', 'Dramat', 'Western']"
308,20662,[12],['Przygodowy']
309,20762,"[28, 53]","['Akcja', 'Thriller']"
310,20829,"[35, 18]","['Komedia', 'Dramat']"
311,20943,"[35, 10749]","['Komedia', 'Romans']"
312,21208,"[53, 27, 9648]","['Thriller', 'Horror', 'Tajemnica']"
313,22794,"[35, 16, 10751]","['Komedia', 'Animacja', 'Familijny']"
314,22803,"[80, 53, 18]","['Kryminał', 'Thriller', 'Dramat']"
315,22832,[28],['Akcja']
316,22881,[18],['Dramat']
317,22894,"[28, 14, 27]","['Akcja', 'Fantasy', 'Horror']"
318,23023,"[35, 10751, 14]","['Komedia', 'Familijny', 'Fantasy']"
319,23047,"[28, 12, 14]","['Akcja', 'Przygodowy', 'Fantasy']"
320,23168,"[80, 53, 18]","['Kryminał', 'Thriller', 'Dramat']"
321,23398,"[35, 16, 10751, 14, 10402]","['Komedia', 'Animacja', 'Familijny', 'Fantasy', 'Muzyczny']"
322,23483,"[28, 80]","['Akcja', 'Kryminał']"
323,23629,"[28, 53, 14]","['Akcja', 'Thriller', 'Fantasy']"
324,23631,"[28, 35, 53]","['Akcja', 'Komedia', 'Thriller']"
325,23823,"[53, 27]","['Thriller', 'Horror']"
326,23827,"[27, 9648]","['Horror', 'Tajemnica']"
327,23988,"[35, 27]","['Komedia', 'Horror']"
328,24021,"[12, 14, 18, 10749]","['Przygodowy', 'Fantasy', 'Dramat', 'Romans']"
329,24122,"[35, 10749]","['Komedia', 'Romans']"
330,24418,"[28, 12, 53, 14]","['Akcja', 'Przygodowy', 'Thriller', 'Fantasy']"
331,24428,"[878, 28, 12]","['Sci-Fi', 'Akcja', 'Przygodowy']"
332,25195,"[35, 10749]","['Komedia', 'Romans']"
333,25475,"[12, 16, 10751, 14]","['Przygodowy', 'Animacja', 'Familijny', 'Fantasy']"
334,25769,"[878, 28, 53, 18, 27]","['Sci-Fi', 'Akcja', 'Thriller', 'Dramat', 'Horror']"
335,26123,[35],['Komedia']
336,26389,"[28, 80, 53]","['Akcja', 'Kryminał', 'Thriller']"
337,27205,"[878, 28, 12]","['Sci-Fi', 'Akcja', 'Przygodowy']"
338,27576,"[28, 53, 9648]","['Akcja', 'Thriller', 'Tajemnica']"
339,27578,"[28, 12, 53]","['Akcja', 'Przygodowy', 'Thriller']"
340,27581,"[28, 35, 80]","['Akcja', 'Komedia', 'Kryminał']"
341,28178,"[10751, 18]","['Familijny', 'Dramat']"
342,28510,"[878, 28, 12, 53]","['Sci-Fi', 'Akcja', 'Przygodowy', 'Thriller']"
343,29812,"[28, 53, 9648]","['Akcja', 'Thriller', 'Tajemnica']"
344,30767,"[53, 18, 27, 9648]","['Thriller', 'Dramat', 'Horror', 'Tajemnica']"
345,32471,"[35, 10751, 18]","['Komedia', 'Familijny', 'Dramat']"
346,32657,"[12, 10751, 14]","['Przygodowy', 'Familijny', 'Fantasy']"
347,33217,"[35, 10751]","['Komedia', 'Familijny']"
348,33273,"[28, 53, 18]","['Akcja', 'Thriller', 'Dramat']"
349,34544,"[28, 12, 35, 80, 53]","['Akcja', 'Przygodowy', 'Komedia', 'Kryminał', 'Thriller']"
350,34584,"[12, 10751, 14, 18]","['Przygodowy', 'Familijny', 'Fantasy', 'Dramat']"
351,34813,"[28, 12, 80, 53, 9648]","['Akcja', 'Przygodowy', 'Kryminał', 'Thriller', 'Tajemnica']"
352,34851,"[878, 28, 53]","['Sci-Fi', 'Akcja', 'Thriller']"
353,36419,"[53, 18, 27, 9648]","['Thriller', 'Dramat', 'Horror', 'Tajemnica']"
354,36557,"[28, 12, 53]","['Akcja', 'Przygodowy', 'Thriller']"
355,37135,"[12, 16, 10751, 18]","['Przygodowy', 'Animacja', 'Familijny', 'Dramat']"
356,37211,"[35, 16, 10751, 9648, 10770]","['Komedia', 'Animacja', 'Familijny', 'Tajemnica', 'film TV']"
357,37430,"[28, 12, 14]","['Akcja', 'Przygodowy', 'Fantasy']"
358,37645,"[80, 53, 18]","['Kryminał', 'Thriller', 'Dramat']"
359,37686,"[878, 53, 9648]","['Sci-Fi', 'Thriller', 'Tajemnica']"
360,37710,"[28, 53, 10749]","['Akcja', 'Thriller', 'Romans']"
361,37724,"[28, 12, 53]","['Akcja', 'Przygodowy', 'Thriller']"
362,37735,[35],['Komedia']
363,37786,"[35, 18, 10749]","['Komedia', 'Dramat', 'Romans']"
364,37797,"[16, 10751, 18]","['Animacja', 'Familijny', 'Dramat']"
365,37834,"[28, 35]","['Akcja', 'Komedia']"
366,38055,"[878, 28, 35, 16, 10751]","['Sci-Fi', 'Akcja', 'Komedia', 'Animacja', 'Familijny']"
367,38234,"[28, 53]","['Akcja', 'Thriller']"
368,38322,"[28, 35, 80]","['Akcja', 'Komedia', 'Kryminał']"
369,38365,[35],['Komedia']
370,38408,"[35, 18, 10749]","['Komedia', 'Dramat', 'Romans']"
371,38575,"[28, 12, 10751, 18]","['Akcja', 'Przygodowy', 'Familijny', 'Dramat']"
372,38700,"[28, 80, 53]","['Akcja', 'Kryminał', 'Thriller']"
373,38757,"[16, 10751]","['Animacja', 'Familijny']"
374,39254,"[878, 28, 18]","['Sci-Fi', 'Akcja', 'Dramat']"
375,39323,"[878, 28, 16, 14, 18]","['Sci-Fi', 'Akcja', 'Animacja', 'Fantasy', 'Dramat']"
376,39513,"[878, 12, 35]","['Sci-Fi', 'Przygodowy', 'Komedia']"
377,41154,"[878, 28, 35]","['Sci-Fi', 'Akcja', 'Komedia']"
378,41630,"[35, 10749]","['Komedia', 'Romans']"
379,41733,"[35, 18]","['Komedia', 'Dramat']"
380,41965,"[14, 18, 27]","['Fantasy', 'Dramat', 'Horror']"
381,42194,"[878, 28, 80, 53, 18]","['Sci-Fi', 'Akcja', 'Kryminał', 'Thriller', 'Dramat']"
382,42246,"[28, 12, 35, 16, 10751]","['Akcja', 'Przygodowy', 'Komedia', 'Animacja', 'Familijny']"
383,42684,"[878, 28]","['Sci-Fi', 'Akcja']"
384,42889,[35],['Komedia']
385,43074,"[28, 35, 14]","['Akcja', 'Komedia', 'Fantasy']"
386,43347,"[35, 18, 10749]","['Komedia', 'Dramat', 'Romans']"
387,43549,"[53, 18]","['Thriller', 'Dramat']"
388,43947,"[80, 53, 27]","['Kryminał', 'Thriller', 'Horror']"
389,43959,"[10751, 18]","['Familijny', 'Dramat']"
390,44263,"[878, 28, 53]","['Sci-Fi', 'Akcja', 'Thriller']"
391,44571,"[878, 28, 53]","['Sci-Fi', 'Akcja', 'Thriller']"
392,44874,"[16, 10751]","['Animacja', 'Familijny']"
393,44896,"[12, 35, 16, 10751, 37]","['Przygodowy', 'Komedia', 'Animacja', 'Familijny', 'Western']"
394,44912,"[878, 28, 12, 53]","['Sci-Fi', 'Akcja', 'Przygodowy', 'Thriller']"
395,44943,"[878, 28]","['Sci-Fi', 'Akcja']"
396,45243,[35],['Komedia']
397,45610,"[28, 80, 53]","['Akcja', 'Kryminał', 'Thriller']"
398,45612,"[878, 53, 9648]","['Sci-Fi', 'Thriller', 'Tajemnica']"
399,45781,[35],['Komedia']
400,46195,"[12, 35, 16, 10751]","['Przygodowy', 'Komedia', 'Animacja', 'Familijny']"
401,46528,"[28, 12, 53, 14, 37]","['Akcja', 'Przygodowy', 'Thriller', 'Fantasy', 'Western']"
402,46529,"[878, 28, 12, 53]","['Sci-Fi', 'Akcja', 'Przygodowy', 'Thriller']"
403,47933,"[878, 28, 12]","['Sci-Fi', 'Akcja', 'Przygodowy']"
404,47964,"[28, 53]","['Akcja', 'Thriller']"
405,47971,"[28, 12, 80]","['Akcja', 'Przygodowy', 'Kryminał']"
406,48138,"[28, 53, 9648]","['Akcja', 'Thriller', 'Tajemnica']"
407,48340,"[28, 53]","['Akcja', 'Thriller']"
408,49013,"[12, 35, 16, 10751]","['Przygodowy', 'Komedia', 'Animacja', 'Familijny']"
409,49018,"[53, 27]","['Thriller', 'Horror']"
410,49021,"[28, 12, 53]","['Akcja', 'Przygodowy', 'Thriller']"
411,49026,"[28, 80, 53, 18]","['Akcja', 'Kryminał', 'Thriller', 'Dramat']"
412,49051,"[28, 12, 14]","['Akcja', 'Przygodowy', 'Fantasy']"
413,49444,"[16, 10751]","['Animacja', 'Familijny']"
414,49519,"[28, 12, 35, 16, 10751, 14]","['Akcja', 'Przygodowy', 'Komedia', 'Animacja', 'Familijny', 'Fantasy']"
415,49520,[35],['Komedia']
416,49521,"[878, 28, 12, 14]","['Sci-Fi', 'Akcja', 'Przygodowy', 'Fantasy']"
417,49524,"[28, 35, 80, 14]","['Akcja', 'Komedia', 'Kryminał', 'Fantasy']"
418,49529,"[878, 28, 12]","['Sci-Fi', 'Akcja', 'Przygodowy']"
419,49530,"[878, 28, 53]","['Sci-Fi', 'Akcja', 'Thriller']"
420,49849,"[878, 28, 53, 37]","['Sci-Fi', 'Akcja', 'Thriller', 'Western']"
421,50544,"[35, 10749]","['Komedia', 'Romans']"
422,50546,"[35, 10749]","['Komedia', 'Romans']"
423,50619,"[12, 14, 10749]","['Przygodowy', 'Fantasy', 'Romans']"
424,50620,"[12, 14, 18, 10749]","['Przygodowy', 'Fantasy', 'Dramat', 'Romans']"
425,51608,"[28, 80, 53]","['Akcja', 'Kryminał', 'Thriller']"
426,51620,"[878, 28, 53]","['Sci-Fi', 'Akcja', 'Thriller']"
427,51876,"[878, 53, 9648]","['Sci-Fi', 'Thriller', 'Tajemnica']"
428,52520,"[28, 14, 27]","['Akcja', 'Fantasy', 'Horror']"
429,53182,"[28, 18]","['Akcja', 'Dramat']"
430,54138,"[878, 28, 12]","['Sci-Fi', 'Akcja', 'Przygodowy']"
431,55779,"[27, 9648]","['Horror', 'Tajemnica']"
432,55846,"[28, 80, 53]","['Akcja', 'Kryminał', 'Thriller']"
433,56292,"[28, 12, 53]","['Akcja', 'Przygodowy', 'Thriller']"
434,57158,"[28, 12, 14]","['Akcja', 'Przygodowy', 'Fantasy']"
435,57165,"[12, 14]","['Przygodowy', 'Fantasy']"
436,57201,"[28, 12, 37]","['Akcja', 'Przygodowy', 'Western']"
437,57214,[35],['Komedia']
438,57800,"[12, 35, 16, 10751]","['Przygodowy', 'Komedia', 'Animacja', 'Familijny']"
439,58233,"[28, 12, 35, 80, 53]","['Akcja', 'Przygodowy', 'Komedia', 'Kryminał', 'Thriller']"
440,58574,"[28, 12, 80, 9648]","['Akcja', 'Przygodowy', 'Kryminał', 'Tajemnica']"
441,58595,"[12, 14, 18]","['Przygodowy', 'Fantasy', 'Dramat']"
442,58857,"[28, 12, 18]","['Akcja', 'Przygodowy', 'Dramat']"
443,59108,"[28, 35]","['Akcja', 'Komedia']"
444,59440,"[28, 18]","['Akcja', 'Dramat']"
445,59967,"[878, 28, 53]","['Sci-Fi', 'Akcja', 'Thriller']"
446,60304,"[28, 14, 27]","['Akcja', 'Fantasy', 'Horror']"
447,60307,"[35, 10751]","['Komedia', 'Familijny']"
448,60747,"[28, 53]","['Akcja', 'Thriller']"
449,61791,"[878, 28, 53, 18]","['Sci-Fi', 'Akcja', 'Thriller', 'Dramat']"
450,61979,"[18, 10749]","['Dramat', 'Romans']"
451,62177,"[28, 12, 35, 16, 10751, 14]","['Akcja', 'Przygodowy', 'Komedia', 'Animacja', 'Familijny', 'Fantasy']"
452,62206,"[28, 12, 35]","['Akcja', 'Przygodowy', 'Komedia']"
453,62211,"[16, 10751]","['Animacja', 'Familijny']"
454,62213,"[35, 14]","['Komedia', 'Fantasy']"
455,62835,"[28, 80, 53, 18]","['Akcja', 'Kryminał', 'Thriller', 'Dramat']"
456,63311,"[18, 27]","['Dramat', 'Horror']"
457,64635,"[878, 28, 12, 53]","['Sci-Fi', 'Akcja', 'Przygodowy', 'Thriller']"
458,64688,"[28, 35, 80]","['Akcja', 'Komedia', 'Kryminał']"
459,64690,"[80, 53, 18]","['Kryminał', 'Thriller', 'Dramat']"
460,65291,"[878, 28, 12, 16, 18]","['Sci-Fi', 'Akcja', 'Przygodowy', 'Animacja', 'Dramat']"
461,68718,"[18, 37]","['Dramat', 'Western']"
462,68721,"[878, 28, 12]","['Sci-Fi', 'Akcja', 'Przygodowy']"
463,68724,"[878, 28, 53, 18]","['Sci-Fi', 'Akcja', 'Thriller', 'Dramat']"
464,68726,"[878, 28, 12]","['Sci-Fi', 'Akcja', 'Przygodowy']"
465,68735,"[28, 12, 14]","['Akcja', 'Przygodowy', 'Fantasy']"
466,68737,"[12, 14]","['Przygodowy', 'Fantasy']"
467,70160,"[878, 12, 14]","['Sci-Fi', 'Przygodowy', 'Fantasy']"
468,70981,"[878, 12, 9648]","['Sci-Fi', 'Przygodowy', 'Tajemnica']"
469,71552,[35],['Komedia']
470,71672,"[53, 27]","['Thriller', 'Horror']"
471,71676,"[28, 53, 14]","['Akcja', 'Thriller', 'Fantasy']"
472,72105,"[35, 14]","['Komedia', 'Fantasy']"
473,72190,"[878, 28, 53, 18, 27]","['Sci-Fi', 'Akcja', 'Thriller', 'Dramat', 'Horror']"
474,72331,"[28, 14, 27]","['Akcja', 'Fantasy', 'Horror']"
475,72431,"[28, 12, 18, 36, 10752]","['Akcja', 'Przygodowy', 'Dramat', 'Historyczny', 'Wojenny']"
476,72545,"[878, 28, 12]","['Sci-Fi', 'Akcja', 'Przygodowy']"
477,72571,"[27, 9648]","['Horror', 'Tajemnica']"
478,73456,"[16, 10751, 14]","['Animacja', 'Familijny', 'Fantasy']"
479,74513,"[28, 18, 10752]","['Akcja', 'Dramat', 'Wojenny']"
480,74998,"[28, 53, 18]","['Akcja', 'Thriller', 'Dramat']"
481,75174,"[28, 12, 53, 18]","['Akcja', 'Przygodowy', 'Thriller', 'Dramat']"
482,75258,"[12, 16, 10751, 14]","['Przygodowy', 'Animacja', 'Familijny', 'Fantasy']"
483,75656,"[80, 53]","['Kryminał', 'Thriller']"
484,75780,"[28, 80, 53, 18]","['Akcja', 'Kryminał', 'Thriller', 'Dramat']"
485,75948,"[28, 14]","['Akcja', 'Fantasy']"
486,76163,"[28, 12, 53]","['Akcja', 'Przygodowy', 'Thriller']"
487,76285,"[12, 10751, 14]","['Przygodowy', 'Familijny', 'Fantasy']"
488,76338,"[28, 12, 14]","['Akcja', 'Przygodowy', 'Fantasy']"
489,76341,"[878, 28, 12]","['Sci-Fi', 'Akcja', 'Przygodowy']"
490,76489,[35],['Komedia']
491,76492,"[35, 16, 10751, 14]","['Komedia', 'Animacja', 'Familijny', 'Fantasy']"
492,76600,"[878, 28, 12, 14]","['Sci-Fi', 'Akcja', 'Przygodowy', 'Fantasy']"
493,76726,"[878, 53, 18]","['Sci-Fi', 'Thriller', 'Dramat']"
494,76757,"[878, 28, 12, 14]","['Sci-Fi', 'Akcja', 'Przygodowy', 'Fantasy']"
495,77338,"[35, 18]","['Komedia', 'Dramat']"
496,77866,"[28, 80, 53, 18]","['Akcja', 'Kryminał', 'Thriller', 'Dramat']"
497,78215,"[28, 18, 10752]","['Akcja', 'Dramat', 'Wojenny']"
498,79218,"[16, 10751, 10770]","['Animacja', 'Familijny', 'film TV']"
499,80321,"[12, 35, 16, 10751]","['Przygodowy', 'Komedia', 'Animacja', 'Familijny']"
500,80410,"[28, 12, 14, 18]","['Akcja', 'Przygodowy', 'Fantasy', 'Dramat']"
501,81005,"[28, 12, 10751, 14]","['Akcja', 'Przygodowy', 'Familijny', 'Fantasy']"
502,81188,"[28, 12, 16, 10751, 14]","['Akcja', 'Przygodowy', 'Animacja', 'Familijny', 'Fantasy']"
503,81796,"[878, 28, 53]","['Sci-Fi', 'Akcja', 'Thriller']"
504,82633,"[80, 18, 37]","['Kryminał', 'Dramat', 'Western']"
505,82675,"[28, 80, 53]","['Akcja', 'Kryminał', 'Thriller']"
506,82690,"[12, 35, 16, 10751]","['Przygodowy', 'Komedia', 'Animacja', 'Familijny']"
507,82700,"[878, 28, 12]","['Sci-Fi', 'Akcja', 'Przygodowy']"
508,82702,"[28, 12, 35, 16, 10751, 14]","['Akcja', 'Przygodowy', 'Komedia', 'Animacja', 'Familijny', 'Fantasy']"
509,84226,"[878, 28, 18, 27]","['Sci-Fi', 'Akcja', 'Dramat', 'Horror']"
510,86331,"[18, 10749]","['Dramat', 'Romans']"
511,87101,"[878, 28, 12, 53]","['Sci-Fi', 'Akcja', 'Przygodowy', 'Thriller']"
512,87421,"[878, 28, 53]","['Sci-Fi', 'Akcja', 'Thriller']"
513,87428,"[35, 18]","['Komedia', 'Dramat']"
514,87818,[35],['Komedia']
515,91314,"[878, 28, 12]","['Sci-Fi', 'Akcja', 'Przygodowy']"
516,91586,"[53, 27]","['Thriller', 'Horror']"
517,93456,"[35, 16, 10751]","['Komedia', 'Animacja', 'Familijny']"
518,93837,"[28, 35]","['Akcja', 'Komedia']"
519,98566,"[878, 28, 12, 35]","['Sci-Fi', 'Akcja', 'Przygodowy', 'Komedia']"
520,98567,"[28, 12]","['Akcja', 'Przygodowy']"
521,99861,"[878, 28, 12]","['Sci-Fi', 'Akcja', 'Przygodowy']"
522,100402,"[878, 28, 12]","['Sci-Fi', 'Akcja', 'Przygodowy']"
523,101299,"[878, 28, 12]","['Sci-Fi', 'Akcja', 'Przygodowy']"
524,102382,"[28, 12, 14]","['Akcja', 'Przygodowy', 'Fantasy']"
525,102651,"[28, 12, 10751, 14, 10749]","['Akcja', 'Przygodowy', 'Familijny', 'Fantasy', 'Romans']"
526,102899,"[878, 28, 12]","['Sci-Fi', 'Akcja', 'Przygodowy']"
527,105864,"[12, 16, 10751]","['Przygodowy', 'Animacja', 'Familijny']"
528,105965,"[35, 10751]","['Komedia', 'Familijny']"
529,106646,"[35, 80, 18]","['Komedia', 'Kryminał', 'Dramat']"
530,106758,[18],['Dramat']
531,109418,[35],['Komedia']
532,109439,[35],['Komedia']
533,109445,"[12, 16, 10751, 14]","['Przygodowy', 'Animacja', 'Familijny', 'Fantasy']"
534,109451,"[35, 16, 10751]","['Komedia', 'Animacja', 'Familijny']"
535,109689,"[18, 10749]","['Dramat', 'Romans']"
536,110415,"[878, 28, 18]","['Sci-Fi', 'Akcja', 'Dramat']"
537,116711,"[12, 16, 10751, 14]","['Przygodowy', 'Animacja', 'Familijny', 'Fantasy']"
538,117251,"[28, 53, 18]","['Akcja', 'Thriller', 'Dramat']"
539,117263,"[28, 53]","['Akcja', 'Thriller']"
540,118340,"[878, 28, 12]","['Sci-Fi', 'Akcja', 'Przygodowy']"
541,119283,"[28, 80]","['Akcja', 'Kryminał']"
542,119450,"[878, 28, 53, 18]","['Sci-Fi', 'Akcja', 'Thriller', 'Dramat']"
543,119698,"[28, 12]","['Akcja', 'Przygodowy']"
544,122917,"[28, 12, 14]","['Akcja', 'Przygodowy', 'Fantasy']"
545,123553,"[28, 14, 9648]","['Akcja', 'Fantasy', 'Tajemnica']"
546,124905,"[878, 28, 18]","['Sci-Fi', 'Akcja', 'Dramat']"
547,125509,"[53, 27]","['Thriller', 'Horror']"
548,126889,"[878, 27, 9648]","['Sci-Fi', 'Horror', 'Tajemnica']"
549,127585,"[878, 28, 12, 14]","['Sci-Fi', 'Akcja', 'Przygodowy', 'Fantasy']"
550,131631,"[878, 12, 53]","['Sci-Fi', 'Przygodowy', 'Thriller']"
551,131634,"[878, 28, 12]","['Sci-Fi', 'Akcja', 'Przygodowy']"
552,133121,"[28, 16, 27]","['Akcja', 'Animacja', 'Horror']"
553,134374,"[28, 35, 80]","['Akcja', 'Komedia', 'Kryminał']"
554,134375,"[35, 10751, 10770]","['Komedia', 'Familijny', 'film TV']"
555,135397,"[878, 28, 12, 53]","['Sci-Fi', 'Akcja', 'Przygodowy', 'Thriller']"
556,136400,"[28, 35, 80]","['Akcja', 'Komedia', 'Kryminał']"
557,136418,"[28, 53]","['Akcja', 'Thriller']"
558,136795,"[28, 35, 80]","['Akcja', 'Komedia', 'Kryminał']"
559,136797,"[28, 80, 53, 18]","['Akcja', 'Kryminał', 'Thriller', 'Dramat']"
560,136799,"[12, 35, 16, 10751, 14, 10402]","['Przygodowy', 'Komedia', 'Animacja', 'Familijny', 'Fantasy', 'Muzyczny']"
561,137113,"[878, 28]","['Sci-Fi', 'Akcja']"
562,138103,"[28, 12, 53]","['Akcja', 'Przygodowy', 'Thriller']"
563,138832,"[35, 80]","['Komedia', 'Kryminał']"
564,138843,"[53, 27]","['Thriller', 'Horror']"
565,139038,"[35, 27]","['Komedia', 'Horror']"
566,140300,"[28, 12, 35, 16, 10751]","['Akcja', 'Przygodowy', 'Komedia', 'Animacja', 'Familijny']"
567,140607,"[878, 28, 12, 14]","['Sci-Fi', 'Akcja', 'Przygodowy', 'Fantasy']"
568,141052,"[878, 28, 12, 14]","['Sci-Fi', 'Akcja', 'Przygodowy', 'Fantasy']"
569,146216,"[28, 35, 80, 53]","['Akcja', 'Komedia', 'Kryminał', 'Thriller']"
570,147441,"[28, 12, 18]","['Akcja', 'Przygodowy', 'Dramat']"
571,150540,"[12, 35, 16, 10751, 18]","['Przygodowy', 'Komedia', 'Animacja', 'Familijny', 'Dramat']"
572,150689,"[10751, 14, 18, 10749]","['Familijny', 'Fantasy', 'Dramat', 'Romans']"
573,152259,[53],['Thriller']
574,153518,"[12, 35, 16]","['Przygodowy', 'Komedia', 'Animacja']"
575,156022,"[28, 80, 53]","['Akcja', 'Kryminał', 'Thriller']"
576,156717,"[878, 28, 53]","['Sci-Fi', 'Akcja', 'Thriller']"
577,157336,"[878, 12, 18]","['Sci-Fi', 'Przygodowy', 'Dramat']"
578,157350,"[878, 28, 12]","['Sci-Fi', 'Akcja', 'Przygodowy']"
579,158011,"[80, 53]","['Kryminał', 'Thriller']"
580,158015,"[878, 53, 27]","['Sci-Fi', 'Thriller', 'Horror']"
581,159824,"[35, 16, 10751, 14]","['Komedia', 'Animacja', 'Familijny', 'Fantasy']"
582,166424,"[878, 28, 12]","['Sci-Fi', 'Akcja', 'Przygodowy']"
583,166426,"[28, 12, 14]","['Akcja', 'Przygodowy', 'Fantasy']"
584,166428,"[12, 16, 10751]","['Przygodowy', 'Animacja', 'Familijny']"
585,167032,"[53, 27]","['Thriller', 'Horror']"
586,168259,"[28, 12, 80, 53]","['Akcja', 'Przygodowy', 'Kryminał', 'Thriller']"
587,169209,"[28, 18]","['Akcja', 'Dramat']"
588,169917,"[80, 53, 18, 9648]","['Kryminał', 'Thriller', 'Dramat', 'Tajemnica']"
589,171581,[28],['Akcja']
590,172385,"[12, 35, 16, 10751]","['Przygodowy', 'Komedia', 'Animacja', 'Familijny']"
591,173185,[35],['Komedia']
592,174772,"[878, 53]","['Sci-Fi', 'Thriller']"
593,177572,"[28, 12, 35, 16, 10751]","['Akcja', 'Przygodowy', 'Komedia', 'Animacja', 'Familijny']"
594,177677,"[28, 12]","['Akcja', 'Przygodowy']"
595,179826,"[53, 9648]","['Thriller', 'Tajemnica']"
596,181808,"[878, 28, 12]","['Sci-Fi', 'Akcja', 'Przygodowy']"
597,181812,"[878, 28, 12]","['Sci-Fi', 'Akcja', 'Przygodowy']"
598,184315,"[28, 12]","['Akcja', 'Przygodowy']"
599,184345,"[35, 27]","['Komedia', 'Horror']"
600,187017,"[28, 35, 80]","['Akcja', 'Komedia', 'Kryminał']"
601,190859,"[28, 10752]","['Akcja', 'Wojenny']"
602,193893,[35],['Komedia']
603,198184,"[878, 28, 80]","['Sci-Fi', 'Akcja', 'Kryminał']"
604,198663,"[878, 28, 53, 9648]","['Sci-Fi', 'Akcja', 'Thriller', 'Tajemnica']"
605,200085,"[878, 28, 18]","['Sci-Fi', 'Akcja', 'Dramat']"
606,205126,"[878, 28]","['Sci-Fi', 'Akcja']"
607,206647,"[28, 12, 53]","['Akcja', 'Przygodowy', 'Thriller']"
608,207703,"[28, 12, 35, 80]","['Akcja', 'Przygodowy', 'Komedia', 'Kryminał']"
609,209112,"[28, 12, 14]","['Akcja', 'Przygodowy', 'Fantasy']"
610,210577,"[53, 18, 9648]","['Thriller', 'Dramat', 'Tajemnica']"
611,213927,[28],['Akcja']
612,214756,[35],['Komedia']
613,216015,"[53, 18, 10749]","['Thriller', 'Dramat', 'Romans']"
614,216282,"[28, 53]","['Akcja', 'Thriller']"
615,222935,"[18, 10749]","['Dramat', 'Romans']"
616,223702,"[12, 35, 16, 14]","['Przygodowy', 'Komedia', 'Animacja', 'Fantasy']"
617,225886,[35],['Komedia']
618,227348,"[53, 27]","['Thriller', 'Horror']"
619,227719,"[878, 53, 18]","['Sci-Fi', 'Thriller', 'Dramat']"
620,227859,"[14, 18]","['Fantasy', 'Dramat']"
621,228150,"[28, 18, 10752]","['Akcja', 'Dramat', 'Wojenny']"
622,228161,"[878, 35, 16, 10751, 14]","['Sci-Fi', 'Komedia', 'Animacja', 'Familijny', 'Fantasy']"
623,228165,"[12, 35, 16, 10751, 14]","['Przygodowy', 'Komedia', 'Animacja', 'Familijny', 'Fantasy']"
624,228326,"[12, 35, 16, 10751, 14]","['Przygodowy', 'Komedia', 'Animacja', 'Familijny', 'Fantasy']"
625,232672,[35],['Komedia']
626,238636,"[53, 27]","['Thriller', 'Horror']"
627,240832,"[878, 28]","['Sci-Fi', 'Akcja']"
628,241259,"[12, 10751, 14]","['Przygodowy', 'Familijny', 'Fantasy']"
629,242582,"[80, 53, 18]","['Kryminał', 'Thriller', 'Dramat']"
630,245891,"[28, 53]","['Akcja', 'Thriller']"
631,246655,"[878, 28, 12, 14]","['Sci-Fi', 'Akcja', 'Przygodowy', 'Fantasy']"
632,249070,"[28, 80, 53]","['Akcja', 'Kryminał', 'Thriller']"
633,250546,[27],['Horror']
634,253412,"[12, 18, 36]","['Przygodowy', 'Dramat', 'Historyczny']"
635,254128,"[28, 53, 18]","['Akcja', 'Thriller', 'Dramat']"
636,256591,"[35, 80, 18, 10749]","['Komedia', 'Kryminał', 'Dramat', 'Romans']"
637,257344,"[878, 28, 35]","['Sci-Fi', 'Akcja', 'Komedia']"
638,257346,"[878, 28, 16]","['Sci-Fi', 'Akcja', 'Animacja']"
639,257445,"[12, 35, 27]","['Przygodowy', 'Komedia', 'Horror']"
640,258489,"[28, 12, 14, 18, 10749]","['Akcja', 'Przygodowy', 'Fantasy', 'Dramat', 'Romans']"
641,259316,"[12, 14]","['Przygodowy', 'Fantasy']"
642,259693,"[53, 27]","['Thriller', 'Horror']"
643,260346,"[28, 53]","['Akcja', 'Thriller']"
644,260372,[878],['Sci-Fi']
645,260513,"[28, 12, 16, 10751]","['Akcja', 'Przygodowy', 'Animacja', 'Familijny']"
646,260514,"[12, 35, 16, 10751]","['Przygodowy', 'Komedia', 'Animacja', 'Familijny']"
647,262500,"[878, 28, 12, 53]","['Sci-Fi', 'Akcja', 'Przygodowy', 'Thriller']"
648,263115,"[878, 28, 18]","['Sci-Fi', 'Akcja', 'Dramat']"
649,263472,"[53, 18, 27]","['Thriller', 'Dramat', 'Horror']"
650,265208,"[28, 80, 53]","['Akcja', 'Kryminał', 'Thriller']"
651,267860,"[28, 53]","['Akcja', 'Thriller']"
652,268896,"[878, 28, 12, 14]","['Sci-Fi', 'Akcja', 'Przygodowy', 'Fantasy']"
653,269149,"[12, 35, 16, 10751]","['Przygodowy', 'Komedia', 'Animacja', 'Familijny']"
654,270771,"[28, 53, 27]","['Akcja', 'Thriller', 'Horror']"
655,270946,"[12, 35, 16, 10751]","['Przygodowy', 'Komedia', 'Animacja', 'Familijny']"
656,271110,"[878, 28, 12]","['Sci-Fi', 'Akcja', 'Przygodowy']"
657,273477,"[35, 27]","['Komedia', 'Horror']"
658,273481,"[28, 80, 53]","['Akcja', 'Kryminał', 'Thriller']"
659,274854,"[878, 28, 12, 14]","['Sci-Fi', 'Akcja', 'Przygodowy', 'Fantasy']"
660,274855,"[878, 28, 53]","['Sci-Fi', 'Akcja', 'Thriller']"
661,276907,"[80, 53]","['Kryminał', 'Thriller']"
662,277217,"[12, 35, 10751, 14, 10402, 10770]","['Przygodowy', 'Komedia', 'Familijny', 'Fantasy', 'Muzyczny', 'film TV']"
663,277597,[28],['Akcja']
664,278154,"[878, 12, 35, 16, 10751]","['Sci-Fi', 'Przygodowy', 'Komedia', 'Animacja', 'Familijny']"
665,278924,"[28, 80, 53]","['Akcja', 'Kryminał', 'Thriller']"
666,278927,"[12, 10751, 14, 18]","['Przygodowy', 'Familijny', 'Fantasy', 'Dramat']"
667,280002,"[53, 27]","['Thriller', 'Horror']"
668,281338,"[878, 18, 10752]","['Sci-Fi', 'Dramat', 'Wojenny']"
669,281957,"[12, 18, 37]","['Przygodowy', 'Dramat', 'Western']"
670,282035,"[28, 12, 53, 14, 27]","['Akcja', 'Przygodowy', 'Thriller', 'Fantasy', 'Horror']"
671,283366,"[12, 10751, 14, 18]","['Przygodowy', 'Familijny', 'Fantasy', 'Dramat']"
672,283566,"[878, 28, 16]","['Sci-Fi', 'Akcja', 'Animacja']"
673,283995,"[878, 28, 12]","['Sci-Fi', 'Akcja', 'Przygodowy']"
674,284052,"[878, 28, 12, 14]","['Sci-Fi', 'Akcja', 'Przygodowy', 'Fantasy']"
675,284053,"[878, 28, 12, 14]","['Sci-Fi', 'Akcja', 'Przygodowy', 'Fantasy']"
676,284054,"[878, 28, 12]","['Sci-Fi', 'Akcja', 'Przygodowy']"
677,286217,"[878, 12, 18]","['Sci-Fi', 'Przygodowy', 'Dramat']"
678,287903,"[35, 14, 27]","['Komedia', 'Fantasy', 'Horror']"
679,287947,"[28, 35, 14]","['Akcja', 'Komedia', 'Fantasy']"
680,287948,"[28, 80, 53]","['Akcja', 'Kryminał', 'Thriller']"
681,289720,[28],['Akcja']
682,290595,"[28, 12, 18]","['Akcja', 'Przygodowy', 'Dramat']"
683,290764,"[28, 80, 18]","['Akcja', 'Kryminał', 'Dramat']"
684,290859,"[878, 28, 12, 53]","['Sci-Fi', 'Akcja', 'Przygodowy', 'Thriller']"
685,291805,"[28, 35, 53]","['Akcja', 'Komedia', 'Thriller']"
686,291870,[35],['Komedia']
687,293167,"[28, 12, 14]","['Akcja', 'Przygodowy', 'Fantasy']"
688,293660,"[28, 12, 35]","['Akcja', 'Przygodowy', 'Komedia']"
689,294254,"[878, 28, 12, 53]","['Sci-Fi', 'Akcja', 'Przygodowy', 'Thriller']"
690,295830,"[878, 28, 14, 27]","['Sci-Fi', 'Akcja', 'Fantasy', 'Horror']"
691,296096,"[18, 10749]","['Dramat', 'Romans']"
692,297270,"[12, 16, 10751]","['Przygodowy', 'Animacja', 'Familijny']"
693,297761,"[28, 12, 14]","['Akcja', 'Przygodowy', 'Fantasy']"
694,297762,"[28, 12, 14]","['Akcja', 'Przygodowy', 'Fantasy']"
695,297802,"[28, 12, 14]","['Akcja', 'Przygodowy', 'Fantasy']"
696,299534,"[878, 28, 12]","['Sci-Fi', 'Akcja', 'Przygodowy']"
697,299536,"[878, 28, 12]","['Sci-Fi', 'Akcja', 'Przygodowy']"
698,299537,"[878, 28, 12]","['Sci-Fi', 'Akcja', 'Przygodowy']"
699,300669,"[53, 27]","['Thriller', 'Horror']"
700,300671,"[28, 53, 18, 36, 10752]","['Akcja', 'Thriller', 'Dramat', 'Historyczny', 'Wojenny']"
701,301528,"[12, 35, 16, 10751, 14, 18]","['Przygodowy', 'Komedia', 'Animacja', 'Familijny', 'Fantasy', 'Dramat']"
702,302666,"[28, 12, 18]","['Akcja', 'Przygodowy', 'Dramat']"
703,302699,"[28, 35, 80, 9648]","['Akcja', 'Komedia', 'Kryminał', 'Tajemnica']"
704,303857,"[878, 28, 16]","['Sci-Fi', 'Akcja', 'Animacja']"
705,305470,"[878, 28, 12]","['Sci-Fi', 'Akcja', 'Przygodowy']"
706,307081,"[28, 18]","['Akcja', 'Dramat']"
707,308531,"[878, 28, 12, 35, 10751]","['Sci-Fi', 'Akcja', 'Przygodowy', 'Komedia', 'Familijny']"
708,311324,"[28, 12, 14]","['Akcja', 'Przygodowy', 'Fantasy']"
709,312221,[18],['Dramat']
710,313297,"[12, 16, 10751]","['Przygodowy', 'Animacja', 'Familijny']"
711,315465,"[28, 12, 16, 14, 18]","['Akcja', 'Przygodowy', 'Animacja', 'Fantasy', 'Dramat']"
712,315635,"[878, 28, 12, 18]","['Sci-Fi', 'Akcja', 'Przygodowy', 'Dramat']"
713,315837,"[878, 28]","['Sci-Fi', 'Akcja']"
714,316727,"[28, 53, 27]","['Akcja', 'Thriller', 'Horror']"
715,320288,"[878, 28, 12]","['Sci-Fi', 'Akcja', 'Przygodowy']"
716,321612,"[10751, 14, 10749]","['Familijny', 'Fantasy', 'Romans']"
717,323660,"[28, 14]","['Akcja', 'Fantasy']"
718,324552,"[28, 80, 53]","['Akcja', 'Kryminał', 'Thriller']"
719,324786,"[18, 36, 10752]","['Dramat', 'Historyczny', 'Wojenny']"
720,324852,"[28, 12, 35, 16, 10751]","['Akcja', 'Przygodowy', 'Komedia', 'Animacja', 'Familijny']"
721,324857,"[878, 28, 12, 35, 16]","['Sci-Fi', 'Akcja', 'Przygodowy', 'Komedia', 'Animacja']"
722,326359,"[12, 35, 16, 10751]","['Przygodowy', 'Komedia', 'Animacja', 'Familijny']"
723,329440,"[53, 27, 9648]","['Thriller', 'Horror', 'Tajemnica']"
724,329865,"[878, 18, 9648]","['Sci-Fi', 'Dramat', 'Tajemnica']"
725,330457,"[12, 35, 16, 10751, 14]","['Przygodowy', 'Komedia', 'Animacja', 'Familijny', 'Fantasy']"
726,331482,"[18, 10749]","['Dramat', 'Romans']"
727,333339,"[878, 28, 12]","['Sci-Fi', 'Akcja', 'Przygodowy']"
728,333484,"[28, 12, 37]","['Akcja', 'Przygodowy', 'Western']"
729,335797,"[35, 16, 10751, 10402]","['Komedia', 'Animacja', 'Familijny', 'Muzyczny']"
730,335983,"[878, 28]","['Sci-Fi', 'Akcja']"
731,335984,"[878, 18]","['Sci-Fi', 'Dramat']"
732,335988,"[878, 28, 12, 14]","['Sci-Fi', 'Akcja', 'Przygodowy', 'Fantasy']"
733,336843,"[878, 28, 12, 53]","['Sci-Fi', 'Akcja', 'Przygodowy', 'Thriller']"
734,337167,"[18, 10749]","['Dramat', 'Romans']"
735,337339,"[28, 80, 53]","['Akcja', 'Kryminał', 'Thriller']"
736,337401,"[12, 14]","['Przygodowy', 'Fantasy']"
737,337404,"[35, 80]","['Komedia', 'Kryminał']"
738,338762,"[878, 28]","['Sci-Fi', 'Akcja']"
739,338952,"[12, 14, 18]","['Przygodowy', 'Fantasy', 'Dramat']"
740,338967,"[28, 35, 27]","['Akcja', 'Komedia', 'Horror']"
741,338970,"[28, 12, 14]","['Akcja', 'Przygodowy', 'Fantasy']"
742,339403,"[28, 80]","['Akcja', 'Kryminał']"
743,339846,"[28, 35, 80]","['Akcja', 'Komedia', 'Kryminał']"
744,339984,[18],['Dramat']
745,340102,"[878, 27]","['Sci-Fi', 'Horror']"
746,341174,"[18, 10749]","['Dramat', 'Romans']"
747,342470,"[18, 10749]","['Dramat', 'Romans']"
748,343611,[28],['Akcja']
749,343668,"[28, 12, 35, 80, 53]","['Akcja', 'Przygodowy', 'Komedia', 'Kryminał', 'Thriller']"
750,345887,"[28, 80, 53]","['Akcja', 'Kryminał', 'Thriller']"
751,345938,"[14, 18]","['Fantasy', 'Dramat']"
752,345940,"[878, 28, 27]","['Sci-Fi', 'Akcja', 'Horror']"
753,346364,"[14, 27]","['Fantasy', 'Horror']"
754,346651,"[878, 28, 27]","['Sci-Fi', 'Akcja', 'Horror']"
755,346672,"[28, 53, 14, 27]","['Akcja', 'Thriller', 'Fantasy', 'Horror']"
756,346910,"[878, 28, 12, 35]","['Sci-Fi', 'Akcja', 'Przygodowy', 'Komedia']"
757,347626,"[35, 10749]","['Komedia', 'Romans']"
758,348350,"[878, 28, 12]","['Sci-Fi', 'Akcja', 'Przygodowy']"
759,348893,"[28, 18]","['Akcja', 'Dramat']"
760,350499,"[28, 12, 16, 10751, 14]","['Akcja', 'Przygodowy', 'Animacja', 'Familijny', 'Fantasy']"
761,351286,"[878, 28, 12]","['Sci-Fi', 'Akcja', 'Przygodowy']"
762,351819,"[35, 10749]","['Komedia', 'Romans']"
763,353081,"[28, 12]","['Akcja', 'Przygodowy']"
764,353486,"[28, 12, 35, 14]","['Akcja', 'Przygodowy', 'Komedia', 'Fantasy']"
765,354556,"[878, 28, 14]","['Sci-Fi', 'Akcja', 'Fantasy']"
766,354912,"[12, 35, 16, 10751, 14, 10402]","['Przygodowy', 'Komedia', 'Animacja', 'Familijny', 'Fantasy', 'Muzyczny']"
767,359724,"[28, 18, 36]","['Akcja', 'Dramat', 'Historyczny']"
768,359983,"[16, 10751, 10770]","['Animacja', 'Familijny', 'film TV']"
769,360920,"[35, 16, 10751, 14]","['Komedia', 'Animacja', 'Familijny', 'Fantasy']"
770,362585,"[16, 14, 9648]","['Animacja', 'Fantasy', 'Tajemnica']"
771,363088,"[878, 28, 12]","['Sci-Fi', 'Akcja', 'Przygodowy']"
772,364689,"[12, 35, 16, 10751]","['Przygodowy', 'Komedia', 'Animacja', 'Familijny']"
773,370172,"[28, 12, 53]","['Akcja', 'Przygodowy', 'Thriller']"
774,372058,"[16, 18, 10749]","['Animacja', 'Dramat', 'Romans']"
775,373571,"[878, 28]","['Sci-Fi', 'Akcja']"
776,378064,"[16, 18]","['Animacja', 'Dramat']"
777,379686,"[878, 35, 16, 10751]","['Sci-Fi', 'Komedia', 'Animacja', 'Familijny']"
778,381288,"[53, 27]","['Thriller', 'Horror']"
779,381289,"[12, 35, 10751, 14, 18]","['Przygodowy', 'Komedia', 'Familijny', 'Fantasy', 'Dramat']"
780,382190,"[878, 12, 16, 10751, 14]","['Sci-Fi', 'Przygodowy', 'Animacja', 'Familijny', 'Fantasy']"
781,383498,"[28, 12, 35]","['Akcja', 'Przygodowy', 'Komedia']"
782,384018,"[28, 12, 35]","['Akcja', 'Przygodowy', 'Komedia']"
783,385103,"[12, 35, 16, 10751]","['Przygodowy', 'Komedia', 'Animacja', 'Familijny']"
784,385128,"[28, 80, 53]","['Akcja', 'Kryminał', 'Thriller']"
785,390043,"[28, 35, 80, 53]","['Akcja', 'Komedia', 'Kryminał', 'Thriller']"
786,391757,"[28, 18]","['Akcja', 'Dramat']"
787,393345,"[53, 27]","['Thriller', 'Horror']"
788,396422,"[53, 27, 9648]","['Thriller', 'Horror', 'Tajemnica']"
789,396535,"[28, 53, 27]","['Akcja', 'Thriller', 'Horror']"
790,398818,"[18, 10749]","['Dramat', 'Romans']"
791,399402,"[28, 53]","['Akcja', 'Thriller']"
792,399566,"[878, 28, 14]","['Sci-Fi', 'Akcja', 'Fantasy']"
793,399579,"[878, 28, 12]","['Sci-Fi', 'Akcja', 'Przygodowy']"
794,400136,"[878, 28, 12, 16, 27, 9648]","['Sci-Fi', 'Akcja', 'Przygodowy', 'Animacja', 'Horror', 'Tajemnica']"
795,400155,"[35, 16, 10751, 14]","['Komedia', 'Animacja', 'Familijny', 'Fantasy']"
796,400160,"[12, 35, 16, 10751, 14]","['Przygodowy', 'Komedia', 'Animacja', 'Familijny', 'Fantasy']"
797,400535,"[28, 80, 53, 18]","['Akcja', 'Kryminał', 'Thriller', 'Dramat']"
798,400928,"[35, 10751, 18]","['Komedia', 'Familijny', 'Dramat']"
799,402900,"[28, 35, 80]","['Akcja', 'Komedia', 'Kryminał']"
800,404368,"[12, 35, 16, 10751]","['Przygodowy', 'Komedia', 'Animacja', 'Familijny']"
801,405774,"[878, 53, 18]","['Sci-Fi', 'Thriller', 'Dramat']"
802,407439,"[18, 36]","['Dramat', 'Historyczny']"
803,409502,[18],['Dramat']
804,410113,"[35, 16, 10751, 14, 10402]","['Komedia', 'Animacja', 'Familijny', 'Fantasy', 'Muzyczny']"
805,412117,"[12, 35, 16, 10751]","['Przygodowy', 'Komedia', 'Animacja', 'Familijny']"
806,412656,[878],['Sci-Fi']
807,413518,"[12, 14, 18]","['Przygodowy', 'Fantasy', 'Dramat']"
808,413594,"[878, 28, 12, 16, 14, 10749]","['Sci-Fi', 'Akcja', 'Przygodowy', 'Animacja', 'Fantasy', 'Romans']"
809,414906,"[28, 80, 18]","['Akcja', 'Kryminał', 'Dramat']"
810,416194,"[28, 53]","['Akcja', 'Thriller']"
811,419680,[35],['Komedia']
812,419743,"[18, 10749]","['Dramat', 'Romans']"
813,420809,"[12, 10751, 14]","['Przygodowy', 'Familijny', 'Fantasy']"
814,420817,"[12, 10751, 14, 10749]","['Przygodowy', 'Familijny', 'Fantasy', 'Romans']"
815,420818,"[12, 16, 10751]","['Przygodowy', 'Animacja', 'Familijny']"
816,423108,"[53, 27, 9648]","['Thriller', 'Horror', 'Tajemnica']"
817,423204,"[28, 53]","['Akcja', 'Thriller']"
818,424277,"[18, 10402, 10749]","['Dramat', 'Muzyczny', 'Romans']"
819,424694,"[18, 36, 10402]","['Dramat', 'Historyczny', 'Muzyczny']"
820,424783,"[878, 28, 12]","['Sci-Fi', 'Akcja', 'Przygodowy']"
821,425909,"[878, 12, 35, 14]","['Sci-Fi', 'Przygodowy', 'Komedia', 'Fantasy']"
822,427641,[28],['Akcja']
823,429617,"[878, 28, 12]","['Sci-Fi', 'Akcja', 'Przygodowy']"
824,431075,"[53, 27, 9648]","['Thriller', 'Horror', 'Tajemnica']"
825,431580,"[12, 35, 16, 10751]","['Przygodowy', 'Komedia', 'Animacja', 'Familijny']"
826,431693,"[28, 12, 35, 16, 10751]","['Akcja', 'Przygodowy', 'Komedia', 'Animacja', 'Familijny']"
827,431821,"[878, 28, 16, 14]","['Sci-Fi', 'Akcja', 'Animacja', 'Fantasy']"
828,436931,"[12, 16, 10751, 14]","['Przygodowy', 'Animacja', 'Familijny', 'Fantasy']"
829,436969,"[28, 12, 14]","['Akcja', 'Przygodowy', 'Fantasy']"
830,438590,"[878, 28, 12, 10751]","['Sci-Fi', 'Akcja', 'Przygodowy', 'Familijny']"
831,438631,"[878, 12]","['Sci-Fi', 'Przygodowy']"
832,438650,"[28, 80, 53]","['Akcja', 'Kryminał', 'Thriller']"
833,439079,"[53, 27, 9648]","['Thriller', 'Horror', 'Tajemnica']"
834,442249,"[28, 53, 27]","['Akcja', 'Thriller', 'Horror']"
835,445030,"[28, 16, 18]","['Akcja', 'Animacja', 'Dramat']"
836,446893,"[12, 35, 16, 10751, 14, 10402]","['Przygodowy', 'Komedia', 'Animacja', 'Familijny', 'Fantasy', 'Muzyczny']"
837,447200,"[28, 53]","['Akcja', 'Thriller']"
838,447332,"[878, 18, 27]","['Sci-Fi', 'Dramat', 'Horror']"
839,447362,"[18, 10749]","['Dramat', 'Romans']"
840,447404,"[28, 12, 14]","['Akcja', 'Przygodowy', 'Fantasy']"
841,449406,"[35, 16, 10751]","['Komedia', 'Animacja', 'Familijny']"
842,449443,"[28, 80, 53]","['Akcja', 'Kryminał', 'Thriller']"
843,450465,"[878, 53, 18]","['Sci-Fi', 'Thriller', 'Dramat']"
844,451048,"[28, 12, 35, 14]","['Akcja', 'Przygodowy', 'Komedia', 'Fantasy']"
845,451156,"[53, 10770]","['Thriller', 'film TV']"
846,453354,[18],['Dramat']
847,453405,"[878, 28, 53]","['Sci-Fi', 'Akcja', 'Thriller']"
848,454286,[18],['Dramat']
849,454626,"[878, 28, 35, 10751]","['Sci-Fi', 'Akcja', 'Komedia', 'Familijny']"
850,454640,"[12, 35, 16, 10751]","['Przygodowy', 'Komedia', 'Animacja', 'Familijny']"
851,454699,"[35, 16, 10751, 14]","['Komedia', 'Animacja', 'Familijny', 'Fantasy']"
852,454983,"[35, 10749]","['Komedia', 'Romans']"
853,456740,"[878, 28, 12, 14]","['Sci-Fi', 'Akcja', 'Przygodowy', 'Fantasy']"
854,458156,"[28, 80, 53]","['Akcja', 'Kryminał', 'Thriller']"
855,458220,[18],['Dramat']
856,458576,"[28, 12, 14]","['Akcja', 'Przygodowy', 'Fantasy']"
857,459151,"[12, 35, 16, 10751]","['Przygodowy', 'Komedia', 'Animacja', 'Familijny']"
858,460458,"[878, 28, 27]","['Sci-Fi', 'Akcja', 'Horror']"
859,460465,"[28, 12, 14]","['Akcja', 'Przygodowy', 'Fantasy']"
860,464052,"[28, 12, 14]","['Akcja', 'Przygodowy', 'Fantasy']"
861,466272,"[35, 53, 18]","['Komedia', 'Thriller', 'Dramat']"
862,466282,"[35, 10749]","['Komedia', 'Romans']"
863,471498,"[878, 53, 27]","['Sci-Fi', 'Thriller', 'Horror']"
864,471707,[18],['Dramat']
865,474350,"[14, 27]","['Fantasy', 'Horror']"
866,474392,"[28, 12, 18]","['Akcja', 'Przygodowy', 'Dramat']"
867,475215,"[12, 16, 10751, 14, 18]","['Przygodowy', 'Animacja', 'Familijny', 'Fantasy', 'Dramat']"
868,475557,"[80, 53, 18]","['Kryminał', 'Thriller', 'Dramat']"
869,476292,"[16, 14, 18, 10749]","['Animacja', 'Fantasy', 'Dramat', 'Romans']"
870,476669,"[28, 12, 53, 10752]","['Akcja', 'Przygodowy', 'Thriller', 'Wojenny']"
871,476968,"[18, 36]","['Dramat', 'Historyczny']"
872,479455,"[878, 35]","['Sci-Fi', 'Komedia']"
873,480157,[27],['Horror']
874,480414,"[53, 27]","['Thriller', 'Horror']"
875,480530,[18],['Dramat']
876,481084,"[35, 16, 10751]","['Komedia', 'Animacja', 'Familijny']"
877,481848,"[12, 10751, 18]","['Przygodowy', 'Familijny', 'Dramat']"
878,482321,"[878, 35, 16, 10751]","['Sci-Fi', 'Komedia', 'Animacja', 'Familijny']"
879,482373,"[53, 27]","['Thriller', 'Horror']"
880,484510,"[12, 35, 16, 10751, 14, 10402, 10770]","['Przygodowy', 'Komedia', 'Animacja', 'Familijny', 'Fantasy', 'Muzyczny', 'film TV']"
881,484718,[35],['Komedia']
882,486589,"[16, 10751, 10749]","['Animacja', 'Familijny', 'Romans']"
883,487297,"[35, 10749]","['Komedia', 'Romans']"
884,495764,"[28, 80]","['Akcja', 'Kryminał']"
885,496243,"[35, 53, 18]","['Komedia', 'Thriller', 'Dramat']"
886,497698,"[878, 28, 12]","['Sci-Fi', 'Akcja', 'Przygodowy']"
887,499701,"[12, 35, 10751]","['Przygodowy', 'Komedia', 'Familijny']"
888,503314,"[878, 28, 16]","['Sci-Fi', 'Akcja', 'Animacja']"
889,503736,"[28, 80, 53, 27]","['Akcja', 'Kryminał', 'Thriller', 'Horror']"
890,504253,"[16, 10751, 18, 10749]","['Animacja', 'Familijny', 'Dramat', 'Romans']"
891,506574,"[12, 10751, 14, 10402, 10770]","['Przygodowy', 'Familijny', 'Fantasy', 'Muzyczny', 'film TV']"
892,506680,[18],['Dramat']
893,507086,"[878, 28, 12, 53]","['Sci-Fi', 'Akcja', 'Przygodowy', 'Thriller']"
894,508439,"[12, 35, 16, 10751, 14]","['Przygodowy', 'Komedia', 'Animacja', 'Familijny', 'Fantasy']"
895,508442,"[35, 16, 10751, 14]","['Komedia', 'Animacja', 'Familijny', 'Fantasy']"
896,508943,"[35, 16, 10751, 14]","['Komedia', 'Animacja', 'Familijny', 'Fantasy']"
897,508947,"[35, 16, 10751, 14]","['Komedia', 'Animacja', 'Familijny', 'Fantasy']"
898,508965,"[12, 35, 16, 10751]","['Przygodowy', 'Komedia', 'Animacja', 'Familijny']"
899,509635,"[53, 27]","['Thriller', 'Horror']"
900,509967,"[28, 35, 53]","['Akcja', 'Komedia', 'Thriller']"
901,511987,"[28, 53, 27]","['Akcja', 'Thriller', 'Horror']"
902,512025,"[53, 27, 9648]","['Thriller', 'Horror', 'Tajemnica']"
903,512195,"[28, 35, 80, 53]","['Akcja', 'Komedia', 'Kryminał', 'Thriller']"
904,512200,"[12, 35, 14]","['Przygodowy', 'Komedia', 'Fantasy']"
905,513310,"[878, 28, 53]","['Sci-Fi', 'Akcja', 'Thriller']"
906,520725,"[12, 35, 14]","['Przygodowy', 'Komedia', 'Fantasy']"
907,520763,"[878, 53, 27]","['Sci-Fi', 'Thriller', 'Horror']"
908,520946,"[16, 10751, 14]","['Animacja', 'Familijny', 'Fantasy']"
909,521029,"[53, 27, 9648]","['Thriller', 'Horror', 'Tajemnica']"
910,522162,"[28, 18, 36, 10752]","['Akcja', 'Dramat', 'Historyczny', 'Wojenny']"
911,522241,"[53, 18, 36]","['Thriller', 'Dramat', 'Historyczny']"
912,522402,"[878, 12, 18]","['Sci-Fi', 'Przygodowy', 'Dramat']"
913,522406,"[53, 27]","['Thriller', 'Horror']"
914,522444,"[12, 53, 27, 9648]","['Przygodowy', 'Thriller', 'Horror', 'Tajemnica']"
915,522478,"[12, 35, 16, 10751, 14]","['Przygodowy', 'Komedia', 'Animacja', 'Familijny', 'Fantasy']"
916,522518,"[12, 10751, 18]","['Przygodowy', 'Familijny', 'Dramat']"
917,522627,"[28, 35, 80]","['Akcja', 'Komedia', 'Kryminał']"
918,522681,"[53, 27, 9648]","['Thriller', 'Horror', 'Tajemnica']"
919,522931,"[28, 35, 53]","['Akcja', 'Komedia', 'Thriller']"
920,522938,"[28, 53, 18]","['Akcja', 'Thriller', 'Dramat']"
921,523536,"[12, 35, 16, 10751, 14]","['Przygodowy', 'Komedia', 'Animacja', 'Familijny', 'Fantasy']"
922,523931,"[878, 28, 27, 10770]","['Sci-Fi', 'Akcja', 'Horror', 'film TV']"
923,524047,"[28, 53, 18]","['Akcja', 'Thriller', 'Dramat']"
924,524216,"[14, 27]","['Fantasy', 'Horror']"
925,524251,"[80, 53, 27, 9648]","['Kryminał', 'Thriller', 'Horror', 'Tajemnica']"
926,524369,"[80, 18]","['Kryminał', 'Dramat']"
927,524434,"[878, 28, 12, 18]","['Sci-Fi', 'Akcja', 'Przygodowy', 'Dramat']"
928,527435,"[12, 35, 10751, 14]","['Przygodowy', 'Komedia', 'Familijny', 'Fantasy']"
929,527641,"[18, 10749]","['Dramat', 'Romans']"
930,527774,"[28, 12, 16, 10751, 14]","['Akcja', 'Przygodowy', 'Animacja', 'Familijny', 'Fantasy']"
931,527776,[18],['Dramat']
932,529106,"[28, 12]","['Akcja', 'Przygodowy']"
933,529203,"[12, 35, 16, 10751, 14]","['Przygodowy', 'Komedia', 'Animacja', 'Familijny', 'Fantasy']"
934,530915,"[28, 53, 18, 10752]","['Akcja', 'Thriller', 'Dramat', 'Wojenny']"
935,531219,"[12, 35, 10751, 14, 27]","['Przygodowy', 'Komedia', 'Familijny', 'Fantasy', 'Horror']"
936,531499,"[28, 80, 18]","['Akcja', 'Kryminał', 'Dramat']"
937,532067,"[12, 35, 16, 14]","['Przygodowy', 'Komedia', 'Animacja', 'Fantasy']"
938,532321,"[12, 16, 14]","['Przygodowy', 'Animacja', 'Fantasy']"
939,533642,[27],['Horror']
940,534338,"[18, 9648]","['Dramat', 'Tajemnica']"
941,535845,[18],['Dramat']
942,536728,"[35, 18]","['Komedia', 'Dramat']"
943,536841,[99],['Dokumentalny']
944,537061,"[878, 16, 10751, 14, 10402, 10770]","['Sci-Fi', 'Animacja', 'Familijny', 'Fantasy', 'Muzyczny', 'film TV']"
945,537116,"[18, 10402]","['Dramat', 'Muzyczny']"
946,537915,"[18, 10749]","['Dramat', 'Romans']"
947,539885,"[28, 80, 53, 18]","['Akcja', 'Kryminał', 'Thriller', 'Dramat']"
948,541524,[18],['Dramat']
949,544401,"[80, 18]","['Kryminał', 'Dramat']"
950,545609,"[28, 53, 18]","['Akcja', 'Thriller', 'Dramat']"
951,546554,"[35, 80, 18, 9648]","['Komedia', 'Kryminał', 'Dramat', 'Tajemnica']"
952,550205,"[35, 16, 10751, 14]","['Komedia', 'Animacja', 'Familijny', 'Fantasy']"
953,550988,"[878, 28, 12, 35]","['Sci-Fi', 'Akcja', 'Przygodowy', 'Komedia']"
954,552095,"[28, 12, 16, 10751]","['Akcja', 'Przygodowy', 'Animacja', 'Familijny']"
955,553604,"[28, 80, 53, 18]","['Akcja', 'Kryminał', 'Thriller', 'Dramat']"
956,553839,"[28, 16, 14, 10752]","['Akcja', 'Animacja', 'Fantasy', 'Wojenny']"
957,556803,[10749],['Romans']
958,559907,"[12, 14]","['Przygodowy', 'Fantasy']"
959,560050,"[12, 16, 10751, 14]","['Przygodowy', 'Animacja', 'Familijny', 'Fantasy']"
960,560144,"[878, 28]","['Sci-Fi', 'Akcja']"
961,565028,"[53, 27]","['Thriller', 'Horror']"
962,566525,"[28, 12, 14]","['Akcja', 'Przygodowy', 'Fantasy']"
963,567189,"[28, 53]","['Akcja', 'Thriller']"
964,567604,"[28, 35]","['Akcja', 'Komedia']"
965,567690,[18],['Dramat']
966,567748,"[53, 18]","['Thriller', 'Dramat']"
967,568124,"[12, 35, 16, 10751, 14, 10402]","['Przygodowy', 'Komedia', 'Animacja', 'Familijny', 'Fantasy', 'Muzyczny']"
968,568160,"[16, 14, 18, 10749]","['Animacja', 'Fantasy', 'Dramat', 'Romans']"
969,568620,"[28, 12]","['Akcja', 'Przygodowy']"
970,570269,"[28, 35, 16, 14]","['Akcja', 'Komedia', 'Animacja', 'Fantasy']"
971,571891,"[28, 12, 16, 10751, 14]","['Akcja', 'Przygodowy', 'Animacja', 'Familijny', 'Fantasy']"
972,573699,"[16, 14, 10749]","['Animacja', 'Fantasy', 'Romans']"
973,574060,"[28, 80, 53]","['Akcja', 'Kryminał', 'Thriller']"
974,575088,[27],['Horror']
975,575803,[18],['Dramat']
976,575813,[18],['Dramat']
977,576004,"[35, 27]","['Komedia', 'Horror']"
978,576845,"[53, 27, 9648]","['Thriller', 'Horror', 'Tajemnica']"
979,577922,"[878, 28, 53]","['Sci-Fi', 'Akcja', 'Thriller']"
980,578701,[53],['Thriller']
981,578908,[35],['Komedia']
982,579047,[878],['Sci-Fi']
983,580489,"[878, 28, 12]","['Sci-Fi', 'Akcja', 'Przygodowy']"
984,580532,"[80, 53, 18]","['Kryminał', 'Thriller', 'Dramat']"
985,581389,"[878, 14, 18]","['Sci-Fi', 'Fantasy', 'Dramat']"
986,581392,"[28, 53, 27]","['Akcja', 'Thriller', 'Horror']"
987,581528,"[28, 80]","['Akcja', 'Kryminał']"
988,581644,"[28, 53]","['Akcja', 'Thriller']"
989,581726,"[878, 28, 53]","['Sci-Fi', 'Akcja', 'Thriller']"
990,583083,"[35, 10749]","['Komedia', 'Romans']"
991,585216,"[53, 27, 9648]","['Thriller', 'Horror', 'Tajemnica']"
992,585245,"[35, 16, 10751]","['Komedia', 'Animacja', 'Familijny']"
993,586047,"[878, 28]","['Sci-Fi', 'Akcja']"
994,587496,[27],['Horror']
995,587807,"[35, 16, 10751]","['Komedia', 'Animacja', 'Familijny']"
996,587996,"[28, 80, 53]","['Akcja', 'Kryminał', 'Thriller']"
997,588228,"[878, 28, 12]","['Sci-Fi', 'Akcja', 'Przygodowy']"
998,588921,"[12, 16, 10751, 14]","['Przygodowy', 'Animacja', 'Familijny', 'Fantasy']"
999,589761,"[12, 18, 36]","['Przygodowy', 'Dramat', 'Historyczny']"
1000,590706,"[878, 28, 14]","['Sci-Fi', 'Akcja', 'Fantasy']"
1001,590995,"[14, 18, 27]","['Fantasy', 'Dramat', 'Horror']"
1002,591273,"[27, 9648]","['Horror', 'Tajemnica']"
1003,591274,"[27, 9648]","['Horror', 'Tajemnica']"
1004,591275,"[27, 9648]","['Horror', 'Tajemnica']"
1005,592656,"[28, 80, 18]","['Akcja', 'Kryminał', 'Dramat']"
1006,592863,"[18, 36, 10402]","['Dramat', 'Historyczny', 'Muzyczny']"
1007,593910,"[35, 14, 10749]","['Komedia', 'Fantasy', 'Romans']"
1008,594328,"[878, 35, 16, 10751, 10770]","['Sci-Fi', 'Komedia', 'Animacja', 'Familijny', 'film TV']"
1009,594718,"[878, 18, 27]","['Sci-Fi', 'Dramat', 'Horror']"
1010,595149,"[27, 9648]","['Horror', 'Tajemnica']"
1011,595280,"[53, 18, 27]","['Thriller', 'Dramat', 'Horror']"
1012,595743,"[28, 53, 18]","['Akcja', 'Thriller', 'Dramat']"
1013,597316,"[12, 35, 16, 10751, 14, 10402]","['Przygodowy', 'Komedia', 'Animacja', 'Familijny', 'Fantasy', 'Muzyczny']"
1014,597433,"[28, 12, 80, 53, 18, 9648]","['Akcja', 'Przygodowy', 'Kryminał', 'Thriller', 'Dramat', 'Tajemnica']"
1015,597890,"[878, 53]","['Sci-Fi', 'Thriller']"
1016,597891,"[28, 53]","['Akcja', 'Thriller']"
1017,600583,"[18, 37]","['Dramat', 'Western']"
1018,601666,"[35, 80, 53]","['Komedia', 'Kryminał', 'Thriller']"
1019,602063,"[28, 12, 18]","['Akcja', 'Przygodowy', 'Dramat']"
1020,602223,"[28, 53, 27]","['Akcja', 'Thriller', 'Horror']"
1021,602269,"[80, 53, 18]","['Kryminał', 'Thriller', 'Dramat']"
1022,602288,[27],['Horror']
1023,602734,"[80, 27, 9648]","['Kryminał', 'Horror', 'Tajemnica']"
1024,604360,"[53, 27, 9648]","['Thriller', 'Horror', 'Tajemnica']"
1025,604822,"[28, 12, 80]","['Akcja', 'Przygodowy', 'Kryminał']"
1026,606523,"[28, 80, 53, 18]","['Akcja', 'Kryminał', 'Thriller', 'Dramat']"
1027,607259,"[35, 10751, 18]","['Komedia', 'Familijny', 'Dramat']"
1028,607383,"[35, 27]","['Komedia', 'Horror']"
1029,609972,"[53, 27, 9648]","['Thriller', 'Horror', 'Tajemnica']"
1030,610253,"[53, 27]","['Thriller', 'Horror']"
1031,611489,"[27, 9648]","['Horror', 'Tajemnica']"
1032,613504,"[18, 10749]","['Dramat', 'Romans']"
1033,614409,"[35, 18, 10749]","['Komedia', 'Dramat', 'Romans']"
1034,614917,[18],['Dramat']
1035,615457,"[28, 80, 53]","['Akcja', 'Kryminał', 'Thriller']"
1036,615658,"[878, 53, 18]","['Sci-Fi', 'Thriller', 'Dramat']"
1037,615666,"[12, 10751, 14]","['Przygodowy', 'Familijny', 'Fantasy']"
1038,615677,"[28, 35, 10751, 14]","['Akcja', 'Komedia', 'Familijny', 'Fantasy']"
1039,615678,"[28, 12, 35]","['Akcja', 'Przygodowy', 'Komedia']"
1040,615982,[27],['Horror']
1041,616651,"[80, 53, 18]","['Kryminał', 'Thriller', 'Dramat']"
1042,617502,"[28, 35]","['Akcja', 'Komedia']"
1043,617653,"[28, 18, 36]","['Akcja', 'Dramat', 'Historyczny']"
1044,617708,"[53, 18, 27]","['Thriller', 'Dramat', 'Horror']"
1045,618162,[37],['Western']
1046,618344,"[878, 28, 12, 16, 14]","['Sci-Fi', 'Akcja', 'Przygodowy', 'Animacja', 'Fantasy']"
1047,619297,[28],['Akcja']
1048,619778,"[53, 27, 9648]","['Thriller', 'Horror', 'Tajemnica']"
1049,621013,"[18, 10749]","['Dramat', 'Romans']"
1050,621151,"[53, 27]","['Thriller', 'Horror']"
1051,621870,"[28, 12, 35, 14]","['Akcja', 'Przygodowy', 'Komedia', 'Fantasy']"
1052,621876,"[12, 35, 10751, 14]","['Przygodowy', 'Komedia', 'Familijny', 'Fantasy']"
1053,622855,"[10751, 14, 10402]","['Familijny', 'Fantasy', 'Muzyczny']"
1054,623491,"[35, 27]","['Komedia', 'Horror']"
1055,624963,"[12, 35, 10751, 14]","['Przygodowy', 'Komedia', 'Familijny', 'Fantasy']"
1056,630004,"[28, 80, 53]","['Akcja', 'Kryminał', 'Thriller']"
1057,630240,"[53, 18, 27]","['Thriller', 'Dramat', 'Horror']"
1058,630520,"[35, 18]","['Komedia', 'Dramat']"
1059,630586,"[53, 27]","['Thriller', 'Horror']"
1060,631132,"[28, 12, 16, 14]","['Akcja', 'Przygodowy', 'Animacja', 'Fantasy']"
1061,631843,"[53, 27, 9648]","['Thriller', 'Horror', 'Tajemnica']"
1062,632357,[27],['Horror']
1063,632632,"[16, 18, 10402, 10749]","['Animacja', 'Dramat', 'Muzyczny', 'Romans']"
1064,633515,"[18, 36, 10752]","['Dramat', 'Historyczny', 'Wojenny']"
1065,633802,"[53, 10749, 27]","['Thriller', 'Romans', 'Horror']"
1066,633954,"[35, 18]","['Komedia', 'Dramat']"
1067,634528,"[28, 80, 53]","['Akcja', 'Kryminał', 'Thriller']"
1068,634649,"[878, 28, 12]","['Sci-Fi', 'Akcja', 'Przygodowy']"
1069,635302,"[28, 12, 16, 14]","['Akcja', 'Przygodowy', 'Animacja', 'Fantasy']"
1070,637534,[53],['Thriller']
1071,637649,"[28, 80, 53]","['Akcja', 'Kryminał', 'Thriller']"
1072,637693,"[12, 16, 10751, 37]","['Przygodowy', 'Animacja', 'Familijny', 'Western']"
1073,638134,"[12, 35, 16, 10751]","['Przygodowy', 'Komedia', 'Animacja', 'Familijny']"
1074,638449,"[18, 10749]","['Dramat', 'Romans']"
1075,638507,"[28, 12, 16, 10751, 14]","['Akcja', 'Przygodowy', 'Animacja', 'Familijny', 'Fantasy']"
1076,638597,"[35, 10751]","['Komedia', 'Familijny']"
1077,639721,"[12, 35, 16, 10751]","['Przygodowy', 'Komedia', 'Animacja', 'Familijny']"
1078,641501,"[878, 28, 12, 35, 53, 14, 9648]","['Sci-Fi', 'Akcja', 'Przygodowy', 'Komedia', 'Thriller', 'Fantasy', 'Tajemnica']"
1079,643586,"[28, 35, 27]","['Akcja', 'Komedia', 'Horror']"
1080,643882,"[35, 10751, 18, 10749]","['Komedia', 'Familijny', 'Dramat', 'Romans']"
1081,644083,"[28, 80, 18]","['Akcja', 'Kryminał', 'Dramat']"
1082,644092,"[28, 12, 35, 10751]","['Akcja', 'Przygodowy', 'Komedia', 'Familijny']"
1083,644495,"[80, 53, 18]","['Kryminał', 'Thriller', 'Dramat']"
1084,645710,[53],['Thriller']
1085,645788,"[28, 80, 53]","['Akcja', 'Kryminał', 'Thriller']"
1086,645856,[27],['Horror']
1087,646207,"[28, 12, 53, 18]","['Akcja', 'Przygodowy', 'Thriller', 'Dramat']"
1088,647302,"[35, 27]","['Komedia', 'Horror']"
1089,649087,[53],['Thriller']
1090,649409,"[80, 18, 9648]","['Kryminał', 'Dramat', 'Tajemnica']"
1091,649928,"[12, 16, 10751]","['Przygodowy', 'Animacja', 'Familijny']"
1092,651571,"[878, 28]","['Sci-Fi', 'Akcja']"
1093,652004,"[53, 27]","['Thriller', 'Horror']"
1094,653349,[35],['Komedia']
1095,654028,"[12, 35, 10751, 14]","['Przygodowy', 'Komedia', 'Familijny', 'Fantasy']"
1096,654974,"[35, 10751]","['Komedia', 'Familijny']"
1097,655431,"[878, 28, 80, 16]","['Sci-Fi', 'Akcja', 'Kryminał', 'Animacja']"
1098,656940,"[80, 53]","['Kryminał', 'Thriller']"
1099,657811,"[12, 10751, 18]","['Przygodowy', 'Familijny', 'Dramat']"
1100,659940,"[80, 53]","['Kryminał', 'Thriller']"
1101,660982,[35],['Komedia']
1102,662546,"[35, 10751, 14]","['Komedia', 'Familijny', 'Fantasy']"
1103,662708,"[12, 16]","['Przygodowy', 'Animacja']"
1104,663558,"[28, 16, 14]","['Akcja', 'Animacja', 'Fantasy']"
1105,664236,"[12, 35, 16, 10751]","['Przygodowy', 'Komedia', 'Animacja', 'Familijny']"
1106,664413,"[18, 10749]","['Dramat', 'Romans']"
1107,664767,"[28, 16, 14]","['Akcja', 'Animacja', 'Fantasy']"
1108,665251,"[878, 16]","['Sci-Fi', 'Animacja']"
1109,667141,"[35, 80, 53, 27]","['Komedia', 'Kryminał', 'Thriller', 'Horror']"
1110,667520,"[878, 16, 14, 18, 10749]","['Sci-Fi', 'Animacja', 'Fantasy', 'Dramat', 'Romans']"
1111,667757,[53],['Thriller']
1112,667969,[18],['Dramat']
1113,669671,"[28, 53, 27]","['Akcja', 'Thriller', 'Horror']"
1114,671043,[35],['Komedia']
1115,672322,"[28, 12, 18]","['Akcja', 'Przygodowy', 'Dramat']"
1116,672582,[27],['Horror']
1117,672741,"[53, 27]","['Thriller', 'Horror']"
1118,675024,[27],['Horror']
1119,675319,"[878, 53, 9648]","['Sci-Fi', 'Thriller', 'Tajemnica']"
1120,675327,"[28, 27, 10752]","['Akcja', 'Horror', 'Wojenny']"
1121,675445,"[12, 35, 16, 10751]","['Przygodowy', 'Komedia', 'Animacja', 'Familijny']"
1122,677638,"[12, 35, 16, 10751, 10770]","['Przygodowy', 'Komedia', 'Animacja', 'Familijny', 'film TV']"
1123,680531,"[53, 18]","['Thriller', 'Dramat']"
1124,681019,"[53, 27]","['Thriller', 'Horror']"
1125,681887,[878],['Sci-Fi']
1126,682254,"[12, 35, 16, 10751, 14, 9648]","['Przygodowy', 'Komedia', 'Animacja', 'Familijny', 'Fantasy', 'Tajemnica']"
1127,683127,"[16, 10751, 14]","['Animacja', 'Familijny', 'Fantasy']"
1128,684281,"[18, 36]","['Dramat', 'Historyczny']"
1129,689249,[99],['Dokumentalny']
1130,691179,[99],['Dokumentalny']
1131,698320,"[53, 27]","['Thriller', 'Horror']"
1132,703745,"[878, 28, 27]","['Sci-Fi', 'Akcja', 'Horror']"
1133,711475,"[35, 18]","['Komedia', 'Dramat']"
1134,712121,"[53, 18]","['Thriller', 'Dramat']"
1135,712454,"[12, 16, 9648]","['Przygodowy', 'Animacja', 'Tajemnica']"
1136,716594,"[80, 18, 36]","['Kryminał', 'Dramat', 'Historyczny']"
1137,716612,[18],['Dramat']
1138,717192,"[28, 80, 18]","['Akcja', 'Kryminał', 'Dramat']"
1139,718633,[18],['Dramat']
1140,718867,"[16, 10751]","['Animacja', 'Familijny']"
1141,718949,"[28, 53]","['Akcja', 'Thriller']"
1142,719088,"[16, 18, 10749]","['Animacja', 'Dramat', 'Romans']"
1143,720026,[27],['Horror']
1144,721656,"[35, 16, 10751, 9648]","['Komedia', 'Animacja', 'Familijny', 'Tajemnica']"
1145,723072,"[53, 27, 9648]","['Thriller', 'Horror', 'Tajemnica']"
1146,725649,"[35, 80, 18]","['Komedia', 'Kryminał', 'Dramat']"
1147,726429,"[28, 12, 80]","['Akcja', 'Przygodowy', 'Kryminał']"
1148,726684,"[12, 35, 16, 10751]","['Przygodowy', 'Komedia', 'Animacja', 'Familijny']"
1149,726739,"[28, 35]","['Akcja', 'Komedia']"
1150,727745,"[35, 10749]","['Komedia', 'Romans']"
1151,728791,"[53, 27]","['Thriller', 'Horror']"
1152,729720,"[28, 35]","['Akcja', 'Komedia']"
1153,730840,"[878, 28, 12, 16, 10751, 14, 10770]","['Sci-Fi', 'Akcja', 'Przygodowy', 'Animacja', 'Familijny', 'Fantasy', 'film TV']"
1154,734265,"[35, 10749]","['Komedia', 'Romans']"
1155,736069,"[878, 16, 10752]","['Sci-Fi', 'Animacja', 'Wojenny']"
1156,736073,"[28, 80, 16, 9648]","['Akcja', 'Kryminał', 'Animacja', 'Tajemnica']"
1157,736074,"[28, 80, 16, 9648]","['Akcja', 'Kryminał', 'Animacja', 'Tajemnica']"
1158,736509,"[878, 53, 27]","['Sci-Fi', 'Thriller', 'Horror']"
1159,737568,"[28, 53]","['Akcja', 'Thriller']"
1160,738215,"[16, 10402]","['Animacja', 'Muzyczny']"
1161,739542,"[28, 35, 16, 14, 36]","['Akcja', 'Komedia', 'Animacja', 'Fantasy', 'Historyczny']"
1162,739990,"[10751, 14]","['Familijny', 'Fantasy']"
1163,740925,"[53, 27, 9648]","['Thriller', 'Horror', 'Tajemnica']"
1164,741074,"[35, 16, 10751, 14]","['Komedia', 'Animacja', 'Familijny', 'Fantasy']"
1165,743439,"[16, 10751]","['Animacja', 'Familijny']"
1166,744275,"[18, 10749]","['Dramat', 'Romans']"
1167,747688,"[80, 18]","['Kryminał', 'Dramat']"
1168,749274,"[18, 37]","['Dramat', 'Western']"
1169,749618,"[16, 10751]","['Animacja', 'Familijny']"
1170,752455,"[16, 10751]","['Animacja', 'Familijny']"
1171,753453,[27],['Horror']
1172,755812,"[12, 35, 16, 10751, 10770]","['Przygodowy', 'Komedia', 'Animacja', 'Familijny', 'film TV']"
1173,756278,[27],['Horror']
1174,758879,"[35, 10751, 10749]","['Komedia', 'Familijny', 'Romans']"
1175,760195,[27],['Horror']
1176,760747,"[28, 35, 53, 27]","['Akcja', 'Komedia', 'Thriller', 'Horror']"
1177,760883,"[28, 53, 27]","['Akcja', 'Thriller', 'Horror']"
1178,762469,"[35, 10751]","['Komedia', 'Familijny']"
1179,762879,"[10751, 14]","['Familijny', 'Fantasy']"
1180,763025,"[28, 18]","['Akcja', 'Dramat']"
1181,763149,"[80, 53, 18, 27]","['Kryminał', 'Thriller', 'Dramat', 'Horror']"
1182,763164,"[878, 28, 53]","['Sci-Fi', 'Akcja', 'Thriller']"
1183,763240,[18],['Dramat']
1184,763532,"[35, 14, 10749]","['Komedia', 'Fantasy', 'Romans']"
1185,763873,"[35, 10751, 14]","['Komedia', 'Familijny', 'Fantasy']"
1186,766798,[18],['Dramat']
1187,767304,[28],['Akcja']
1188,767377,"[80, 53, 18]","['Kryminał', 'Thriller', 'Dramat']"
1189,767504,"[53, 27]","['Thriller', 'Horror']"
1190,768076,"[16, 10751]","['Animacja', 'Familijny']"
1191,768334,"[35, 18, 27, 9648]","['Komedia', 'Dramat', 'Horror', 'Tajemnica']"
1192,768447,"[53, 27]","['Thriller', 'Horror']"
1193,768449,"[28, 53]","['Akcja', 'Thriller']"
1194,769749,"[18, 10749]","['Dramat', 'Romans']"
1195,774021,"[53, 27]","['Thriller', 'Horror']"
1196,774741,"[35, 16, 10751]","['Komedia', 'Animacja', 'Familijny']"
1197,774810,"[12, 16, 10751]","['Przygodowy', 'Animacja', 'Familijny']"
1198,775996,"[878, 28, 53]","['Sci-Fi', 'Akcja', 'Thriller']"
1199,776503,"[18, 10402, 10749]","['Dramat', 'Muzyczny', 'Romans']"
1200,776821,"[28, 12, 80, 53]","['Akcja', 'Przygodowy', 'Kryminał', 'Thriller']"
1201,776909,"[35, 10749]","['Komedia', 'Romans']"
1202,778552,[18],['Dramat']
1203,785457,"[35, 14, 18]","['Komedia', 'Fantasy', 'Dramat']"
1204,785516,[35],['Komedia']
1205,785533,"[35, 10749]","['Komedia', 'Romans']"
1206,785538,"[80, 18]","['Kryminał', 'Dramat']"
1207,785539,"[35, 10749]","['Komedia', 'Romans']"
1208,785545,"[35, 16, 10751]","['Komedia', 'Animacja', 'Familijny']"
1209,785752,[53],['Thriller']
1210,786705,"[35, 18]","['Komedia', 'Dramat']"
1211,787009,[27],['Horror']
1212,791373,"[878, 28, 12, 14]","['Sci-Fi', 'Akcja', 'Przygodowy', 'Fantasy']"
1213,793723,"[28, 53, 18]","['Akcja', 'Thriller', 'Dramat']"
1214,795607,"[28, 12, 16, 14]","['Akcja', 'Przygodowy', 'Animacja', 'Fantasy']"
1215,796428,[27],['Horror']
1216,796499,"[28, 80, 53]","['Akcja', 'Kryminał', 'Thriller']"
1217,796849,"[53, 18, 10749]","['Thriller', 'Dramat', 'Romans']"
1218,797394,"[35, 16, 14]","['Komedia', 'Animacja', 'Fantasy']"
1219,800497,"[35, 27]","['Komedia', 'Horror']"
1220,802217,"[35, 10751]","['Komedia', 'Familijny']"
1221,802226,[53],['Thriller']
1222,802504,"[35, 10749]","['Komedia', 'Romans']"
1223,804435,"[28, 80, 53]","['Akcja', 'Kryminał', 'Thriller']"
1224,808023,"[28, 80, 53]","['Akcja', 'Kryminał', 'Thriller']"
1225,809314,"[28, 53]","['Akcja', 'Thriller']"
1226,809968,"[28, 53]","['Akcja', 'Thriller']"
1227,810873,"[35, 18, 10749]","['Komedia', 'Dramat', 'Romans']"
1228,812456,[16],['Animacja']
1229,813258,"[35, 16, 14]","['Komedia', 'Animacja', 'Fantasy']"
1230,817451,"[28, 53]","['Akcja', 'Thriller']"
1231,818659,[35],['Komedia']
1232,823855,"[80, 53, 18, 9648]","['Kryminał', 'Thriller', 'Dramat', 'Tajemnica']"
1233,825997,"[28, 53]","['Akcja', 'Thriller']"
1234,831405,"[878, 28, 16, 14]","['Sci-Fi', 'Akcja', 'Animacja', 'Fantasy']"
1235,835739,[16],['Animacja']
1236,841755,"[28, 16, 14]","['Akcja', 'Animacja', 'Fantasy']"
1237,842171,"[878, 53]","['Sci-Fi', 'Thriller']"
1238,843241,"[28, 16]","['Akcja', 'Animacja']"
1239,843906,"[35, 16, 10751, 14, 9648]","['Komedia', 'Animacja', 'Familijny', 'Fantasy', 'Tajemnica']"
1240,845422,[35],['Komedia']
1241,846167,"[878, 35, 80]","['Sci-Fi', 'Komedia', 'Kryminał']"
1242,846214,"[35, 16, 10751]","['Komedia', 'Animacja', 'Familijny']"
1243,847981,[53],['Thriller']
1244,850818,"[16, 10751, 10402]","['Animacja', 'Familijny', 'Muzyczny']"
1245,853588,[53],['Thriller']
1246,857910,[35],['Komedia']
1247,864873,"[53, 18, 27]","['Thriller', 'Dramat', 'Horror']"
1248,869623,[99],['Dokumentalny']
1249,871964,"[35, 53, 27]","['Komedia', 'Thriller', 'Horror']"
1250,874948,"[80, 53, 18]","['Kryminał', 'Thriller', 'Dramat']"
1251,874965,"[35, 18, 10749]","['Komedia', 'Dramat', 'Romans']"
1252,883648,[35],['Komedia']
1253,885110,"[18, 36, 10752]","['Dramat', 'Historyczny', 'Wojenny']"
1254,887645,"[35, 10749]","['Komedia', 'Romans']"
1255,888910,"[16, 36, 99]","['Animacja', 'Historyczny', 'Dokumentalny']"
1256,889300,[18],['Dramat']
1257,893204,"[35, 18]","['Komedia', 'Dramat']"
1258,895001,[27],['Horror']
