,id,genre_ids,genre_name
0,11,"[878, 28, 12]","['Science Fiction', 'Action', 'Adventure']"
1,12,"[16, 10751]","['Animation', 'Family']"
2,13,"[35, 18, 10749]","['Comedy', 'Drama', 'Romance']"
3,22,"[28, 12, 14]","['Action', 'Adventure', 'Fantasy']"
4,35,"[35, 16, 10751]","['Comedy', 'Animation', 'Family']"
5,58,"[28, 12, 14]","['Action', 'Adventure', 'Fantasy']"
6,85,"[28, 12]","['Action', 'Adventure']"
7,98,"[28, 12, 18]","['Action', 'Adventure', 'Drama']"
8,105,"[878, 12, 35, 10751]","['Science Fiction', 'Adventure', 'Comedy', 'Family']"
9,106,"[878, 28, 12, 53]","['Science Fiction', 'Action', 'Adventure', 'Thriller']"
10,118,"[12, 35, 14, 10751]","['Adventure', 'Comedy', 'Fantasy', 'Family']"
11,120,"[28, 12, 14]","['Action', 'Adventure', 'Fantasy']"
12,121,"[28, 12, 14]","['Action', 'Adventure', 'Fantasy']"
13,122,"[28, 12, 14]","['Action', 'Adventure', 'Fantasy']"
14,129,"[14, 16, 10751]","['Fantasy', 'Animation', 'Family']"
15,155,"[28, 80, 53, 18]","['Action', 'Crime', 'Thriller', 'Drama']"
16,162,"[14, 18, 10749]","['Fantasy', 'Drama', 'Romance']"
17,176,"[80, 27, 9648]","['Crime', 'Horror', 'Mystery']"
18,189,"[28, 80, 53]","['Action', 'Crime', 'Thriller']"
19,218,"[878, 28, 53]","['Science Fiction', 'Action', 'Thriller']"
20,238,"[80, 18]","['Crime', 'Drama']"
21,240,"[80, 18]","['Crime', 'Drama']"
22,272,"[28, 80, 18]","['Action', 'Crime', 'Drama']"
23,278,"[80, 18]","['Crime', 'Drama']"
24,280,"[878, 28, 53]","['Science Fiction', 'Action', 'Thriller']"
25,285,"[28, 12, 14]","['Action', 'Adventure', 'Fantasy']"
26,310,"[35, 14]","['Comedy', 'Fantasy']"
27,348,"[878, 27]","['Science Fiction', 'Horror']"
28,350,"[35, 18, 10749]","['Comedy', 'Drama', 'Romance']"
29,408,"[14, 16, 10751]","['Fantasy', 'Animation', 'Family']"
30,411,"[12, 14, 10751]","['Adventure', 'Fantasy', 'Family']"
31,425,"[12, 35, 16, 10751]","['Adventure', 'Comedy', 'Animation', 'Family']"
32,440,"[878, 28, 53, 14, 27]","['Science Fiction', 'Action', 'Thriller', 'Fantasy', 'Horror']"
33,489,[18],['Drama']
34,497,"[80, 14, 18]","['Crime', 'Fantasy', 'Drama']"
35,534,"[878, 28, 53]","['Science Fiction', 'Action', 'Thriller']"
36,550,[18],['Drama']
37,557,"[28, 14]","['Action', 'Fantasy']"
38,558,"[28, 12, 14]","['Action', 'Adventure', 'Fantasy']"
39,559,"[28, 12, 14]","['Action', 'Adventure', 'Fantasy']"
40,561,"[28, 14, 27]","['Action', 'Fantasy', 'Horror']"
41,585,"[35, 16, 10751]","['Comedy', 'Animation', 'Family']"
42,597,"[18, 10749]","['Drama', 'Romance']"
43,603,"[878, 28]","['Science Fiction', 'Action']"
44,604,"[878, 28, 12, 53]","['Science Fiction', 'Action', 'Adventure', 'Thriller']"
45,605,"[878, 28, 12, 53]","['Science Fiction', 'Action', 'Adventure', 'Thriller']"
46,615,[18],['Drama']
47,620,"[35, 14]","['Comedy', 'Fantasy']"
48,630,"[12, 14, 10751]","['Adventure', 'Fantasy', 'Family']"
49,652,"[12, 36, 10752]","['Adventure', 'History', 'War']"
50,671,"[12, 14]","['Adventure', 'Fantasy']"
51,672,"[12, 14]","['Adventure', 'Fantasy']"
52,673,"[12, 14]","['Adventure', 'Fantasy']"
53,674,"[12, 14, 10751]","['Adventure', 'Fantasy', 'Family']"
54,675,"[12, 14, 9648]","['Adventure', 'Fantasy', 'Mystery']"
55,680,"[80, 53]","['Crime', 'Thriller']"
56,694,"[53, 27]","['Thriller', 'Horror']"
57,756,"[16, 10751]","['Animation', 'Family']"
58,767,"[12, 14]","['Adventure', 'Fantasy']"
59,772,"[12, 35, 10751]","['Adventure', 'Comedy', 'Family']"
60,808,"[12, 35, 14, 16, 10751]","['Adventure', 'Comedy', 'Fantasy', 'Animation', 'Family']"
61,809,"[12, 35, 14, 16, 10751]","['Adventure', 'Comedy', 'Fantasy', 'Animation', 'Family']"
62,810,"[12, 35, 14, 16, 10751]","['Adventure', 'Comedy', 'Fantasy', 'Animation', 'Family']"
63,812,"[12, 14, 16, 10751, 10749]","['Adventure', 'Fantasy', 'Animation', 'Family', 'Romance']"
64,841,"[878, 28, 12]","['Science Fiction', 'Action', 'Adventure']"
65,854,"[35, 80, 14, 10749]","['Comedy', 'Crime', 'Fantasy', 'Romance']"
66,857,"[18, 36, 10752]","['Drama', 'History', 'War']"
67,862,"[12, 35, 16, 10751]","['Adventure', 'Comedy', 'Animation', 'Family']"
68,863,"[35, 16, 10751]","['Comedy', 'Animation', 'Family']"
69,920,"[12, 35, 16, 10751]","['Adventure', 'Comedy', 'Animation', 'Family']"
70,950,"[12, 35, 16, 10751]","['Adventure', 'Comedy', 'Animation', 'Family']"
71,953,"[12, 35, 16, 10751]","['Adventure', 'Comedy', 'Animation', 'Family']"
72,1250,"[28, 53, 14]","['Action', 'Thriller', 'Fantasy']"
73,1267,"[35, 16, 10751]","['Comedy', 'Animation', 'Family']"
74,1369,"[28, 12, 53, 10752]","['Action', 'Adventure', 'Thriller', 'War']"
75,1374,[18],['Drama']
76,1579,"[28, 53, 18, 36]","['Action', 'Thriller', 'Drama', 'History']"
77,1724,"[878, 28, 12]","['Science Fiction', 'Action', 'Adventure']"
78,1725,"[80, 18, 10749]","['Crime', 'Drama', 'Romance']"
79,1726,"[878, 28, 12]","['Science Fiction', 'Action', 'Adventure']"
80,1734,"[28, 12, 14]","['Action', 'Adventure', 'Fantasy']"
81,1771,"[878, 28, 12]","['Science Fiction', 'Action', 'Adventure']"
82,1865,"[28, 12, 14]","['Action', 'Adventure', 'Fantasy']"
83,1893,"[878, 28, 12]","['Science Fiction', 'Action', 'Adventure']"
84,1930,"[28, 12, 14]","['Action', 'Adventure', 'Fantasy']"
85,2062,"[35, 14, 16, 10751]","['Comedy', 'Fantasy', 'Animation', 'Family']"
86,2105,"[35, 10749]","['Comedy', 'Romance']"
87,2109,"[28, 35, 80]","['Action', 'Comedy', 'Crime']"
88,2454,"[12, 14, 10751]","['Adventure', 'Fantasy', 'Family']"
89,2770,"[35, 10749]","['Comedy', 'Romance']"
90,2978,"[35, 14]","['Comedy', 'Fantasy']"
91,3170,"[16, 10751, 18]","['Animation', 'Family', 'Drama']"
92,3933,"[14, 16, 10749]","['Fantasy', 'Animation', 'Romance']"
93,4247,[35],['Comedy']
94,4248,[35],['Comedy']
95,4256,[35],['Comedy']
96,4257,[35],['Comedy']
97,4258,[35],['Comedy']
98,4523,"[35, 14, 10751, 10749]","['Comedy', 'Fantasy', 'Family', 'Romance']"
99,4564,"[35, 18, 10749]","['Comedy', 'Drama', 'Romance']"
100,4935,"[12, 14, 16]","['Adventure', 'Fantasy', 'Animation']"
101,5174,"[28, 35, 80]","['Action', 'Comedy', 'Crime']"
102,5175,"[28, 35, 80]","['Action', 'Comedy', 'Crime']"
103,5255,"[12, 35, 14, 16, 10751]","['Adventure', 'Comedy', 'Fantasy', 'Animation', 'Family']"
104,5559,"[12, 35, 16, 10751]","['Adventure', 'Comedy', 'Animation', 'Family']"
105,6466,[27],['Horror']
106,6477,"[35, 14, 16, 10751]","['Comedy', 'Fantasy', 'Animation', 'Family']"
107,6479,"[878, 53, 18]","['Science Fiction', 'Thriller', 'Drama']"
108,6522,"[35, 80]","['Comedy', 'Crime']"
109,7342,"[18, 27, 10770]","['Drama', 'Horror', 'TV Movie']"
110,7443,"[35, 16, 10751]","['Comedy', 'Animation', 'Family']"
111,7445,"[53, 18, 10752]","['Thriller', 'Drama', 'War']"
112,7446,"[28, 12, 35, 10752]","['Action', 'Adventure', 'Comedy', 'War']"
113,7485,"[28, 80, 53, 18, 9648]","['Action', 'Crime', 'Thriller', 'Drama', 'Mystery']"
114,7555,"[28, 53]","['Action', 'Thriller']"
115,7980,"[14, 18]","['Fantasy', 'Drama']"
116,8204,"[12, 14, 10751, 18]","['Adventure', 'Fantasy', 'Family', 'Drama']"
117,8273,"[35, 10749]","['Comedy', 'Romance']"
118,8274,[35],['Comedy']
119,8275,[35],['Comedy']
120,8277,[35],['Comedy']
121,8355,"[12, 35, 16, 10751]","['Adventure', 'Comedy', 'Animation', 'Family']"
122,8363,[35],['Comedy']
123,8373,"[878, 28, 12]","['Science Fiction', 'Action', 'Adventure']"
124,8392,"[14, 16, 10751]","['Fantasy', 'Animation', 'Family']"
125,8587,"[16, 10751, 18]","['Animation', 'Family', 'Drama']"
126,8681,"[28, 53]","['Action', 'Thriller']"
127,8871,"[35, 14, 10751]","['Comedy', 'Fantasy', 'Family']"
128,8920,"[35, 16, 10751]","['Comedy', 'Animation', 'Family']"
129,8922,"[53, 27]","['Thriller', 'Horror']"
130,8960,"[28, 14]","['Action', 'Fantasy']"
131,8961,"[28, 12, 35, 80, 53]","['Action', 'Adventure', 'Comedy', 'Crime', 'Thriller']"
132,8966,"[14, 18, 10749]","['Fantasy', 'Drama', 'Romance']"
133,8982,"[28, 80, 53, 18]","['Action', 'Crime', 'Thriller', 'Drama']"
134,9021,"[35, 14, 10751]","['Comedy', 'Fantasy', 'Family']"
135,9023,"[12, 35, 16, 10751, 18, 37]","['Adventure', 'Comedy', 'Animation', 'Family', 'Drama', 'Western']"
136,9072,"[35, 80]","['Comedy', 'Crime']"
137,9279,"[12, 35, 10751]","['Adventure', 'Comedy', 'Family']"
138,9286,"[27, 9648]","['Horror', 'Mystery']"
139,9297,"[35, 14, 16, 10751]","['Comedy', 'Fantasy', 'Animation', 'Family']"
140,9316,"[28, 53]","['Action', 'Thriller']"
141,9323,"[878, 28, 16]","['Science Fiction', 'Action', 'Animation']"
142,9325,"[12, 16, 10751]","['Adventure', 'Animation', 'Family']"
143,9358,"[27, 9648]","['Horror', 'Mystery']"
144,9373,[27],['Horror']
145,9431,"[35, 27]","['Comedy', 'Horror']"
146,9444,"[16, 10751]","['Animation', 'Family']"
147,9473,"[35, 16]","['Comedy', 'Animation']"
148,9479,"[14, 16, 10751]","['Fantasy', 'Animation', 'Family']"
149,9487,"[12, 35, 16, 10751]","['Adventure', 'Comedy', 'Animation', 'Family']"
150,9488,"[28, 12, 35, 10751]","['Action', 'Adventure', 'Comedy', 'Family']"
151,9502,"[28, 12, 35, 16, 10751]","['Action', 'Adventure', 'Comedy', 'Animation', 'Family']"
152,9532,[27],['Horror']
153,9543,"[28, 12, 14]","['Action', 'Adventure', 'Fantasy']"
154,9552,[27],['Horror']
155,9637,"[12, 35, 9648]","['Adventure', 'Comedy', 'Mystery']"
156,9702,"[28, 80, 53, 18]","['Action', 'Crime', 'Thriller', 'Drama']"
157,9714,"[35, 10751]","['Comedy', 'Family']"
158,9732,"[12, 16, 10751]","['Adventure', 'Animation', 'Family']"
159,9737,"[28, 35, 80, 53]","['Action', 'Comedy', 'Crime', 'Thriller']"
160,9757,[35],['Comedy']
161,9763,[18],['Drama']
162,9769,[18],['Drama']
163,9806,"[28, 12, 16, 10751]","['Action', 'Adventure', 'Animation', 'Family']"
164,9820,"[35, 10751]","['Comedy', 'Family']"
165,9836,"[35, 16, 10751]","['Comedy', 'Animation', 'Family']"
166,9902,"[53, 27]","['Thriller', 'Horror']"
167,9904,"[16, 10751]","['Animation', 'Family']"
168,9948,"[12, 35, 16, 10751]","['Adventure', 'Comedy', 'Animation', 'Family']"
169,10009,"[12, 16, 10751]","['Adventure', 'Animation', 'Family']"
170,10020,"[14, 16, 10751, 10749]","['Fantasy', 'Animation', 'Family', 'Romance']"
171,10054,"[28, 12, 35, 10751]","['Action', 'Adventure', 'Comedy', 'Family']"
172,10073,"[35, 10749]","['Comedy', 'Romance']"
173,10112,"[12, 35, 16, 10751]","['Adventure', 'Comedy', 'Animation', 'Family']"
174,10137,"[35, 14, 16, 10751]","['Comedy', 'Fantasy', 'Animation', 'Family']"
175,10138,"[878, 28, 12]","['Science Fiction', 'Action', 'Adventure']"
176,10140,"[12, 14, 10751]","['Adventure', 'Fantasy', 'Family']"
177,10144,"[14, 16, 10751]","['Fantasy', 'Animation', 'Family']"
178,10184,"[35, 18, 10749]","['Comedy', 'Drama', 'Romance']"
179,10191,"[12, 14, 16, 10751]","['Adventure', 'Fantasy', 'Animation', 'Family']"
180,10192,"[12, 35, 14, 16, 10751]","['Adventure', 'Comedy', 'Fantasy', 'Animation', 'Family']"
181,10193,"[35, 16, 10751]","['Comedy', 'Animation', 'Family']"
182,10195,"[28, 12, 14]","['Action', 'Adventure', 'Fantasy']"
183,10196,"[28, 12, 14]","['Action', 'Adventure', 'Fantasy']"
184,10198,"[16, 10751, 10749]","['Animation', 'Family', 'Romance']"
185,10201,"[35, 10749]","['Comedy', 'Romance']"
186,10202,"[35, 14, 10751, 10749]","['Comedy', 'Fantasy', 'Family', 'Romance']"
187,10340,"[16, 10751, 10749]","['Animation', 'Family', 'Romance']"
188,10358,[35],['Comedy']
189,10386,"[878, 12, 35, 16, 10751]","['Science Fiction', 'Adventure', 'Comedy', 'Animation', 'Family']"
190,10501,"[28, 12, 35, 16, 10751]","['Action', 'Adventure', 'Comedy', 'Animation', 'Family']"
191,10521,"[35, 10749]","['Comedy', 'Romance']"
192,10527,"[12, 35, 16, 10751]","['Adventure', 'Comedy', 'Animation', 'Family']"
193,10555,"[28, 35, 16, 10751]","['Action', 'Comedy', 'Animation', 'Family']"
194,10567,"[16, 10751]","['Animation', 'Family']"
195,10585,[27],['Horror']
196,10588,"[12, 35, 14, 10751]","['Adventure', 'Comedy', 'Fantasy', 'Family']"
197,10591,"[35, 10749]","['Comedy', 'Romance']"
198,10607,[35],['Comedy']
199,10625,[35],['Comedy']
200,10674,"[12, 16, 10751]","['Adventure', 'Animation', 'Family']"
201,10681,"[878, 16, 10751]","['Science Fiction', 'Animation', 'Family']"
202,10693,"[12, 14, 16, 10751]","['Adventure', 'Fantasy', 'Animation', 'Family']"
203,10719,"[35, 14, 10751]","['Comedy', 'Fantasy', 'Family']"
204,10764,"[28, 12, 80, 53]","['Action', 'Adventure', 'Crime', 'Thriller']"
205,10781,"[53, 27]","['Thriller', 'Horror']"
206,10867,[18],['Drama']
207,10882,"[14, 16, 10751, 10749]","['Fantasy', 'Animation', 'Family', 'Romance']"
208,10895,"[16, 10751]","['Animation', 'Family']"
209,10948,"[12, 16, 10751, 18]","['Adventure', 'Animation', 'Family', 'Drama']"
210,10996,"[12, 35, 16, 10751]","['Adventure', 'Comedy', 'Animation', 'Family']"
211,11036,"[18, 10749]","['Drama', 'Romance']"
212,11186,"[53, 27]","['Thriller', 'Horror']"
213,11187,"[53, 27]","['Thriller', 'Horror']"
214,11224,"[14, 16, 10751, 10749]","['Fantasy', 'Animation', 'Family', 'Romance']"
215,11249,"[35, 53, 27]","['Comedy', 'Thriller', 'Horror']"
216,11283,"[35, 14, 10751]","['Comedy', 'Fantasy', 'Family']"
217,11322,"[80, 36]","['Crime', 'History']"
218,11324,"[53, 18, 9648]","['Thriller', 'Drama', 'Mystery']"
219,11351,[27],['Horror']
220,11360,"[16, 10751]","['Animation', 'Family']"
221,11395,"[35, 14, 10751, 18]","['Comedy', 'Fantasy', 'Family', 'Drama']"
222,11397,[35],['Comedy']
223,11430,"[35, 16, 10751]","['Comedy', 'Animation', 'Family']"
224,11544,"[16, 10751]","['Animation', 'Family']"
225,11631,"[35, 10749]","['Comedy', 'Romance']"
226,11674,"[35, 10751]","['Comedy', 'Family']"
227,11688,"[12, 35, 14, 16, 10751]","['Adventure', 'Comedy', 'Fantasy', 'Animation', 'Family']"
228,11699,"[80, 18]","['Crime', 'Drama']"
229,11836,"[35, 14, 16, 10751]","['Comedy', 'Fantasy', 'Animation', 'Family']"
230,11918,"[878, 28, 35]","['Science Fiction', 'Action', 'Comedy']"
231,11932,"[35, 27, 10749]","['Comedy', 'Horror', 'Romance']"
232,11970,"[12, 35, 14, 16, 10751, 10749]","['Adventure', 'Comedy', 'Fantasy', 'Animation', 'Family', 'Romance']"
233,12092,"[12, 14, 16, 10751]","['Adventure', 'Fantasy', 'Animation', 'Family']"
234,12153,"[35, 80]","['Comedy', 'Crime']"
235,12222,"[12, 35, 14, 16, 10751]","['Adventure', 'Comedy', 'Fantasy', 'Animation', 'Family']"
236,12230,"[12, 35, 16, 10751]","['Adventure', 'Comedy', 'Animation', 'Family']"
237,12242,"[28, 35, 16, 10751]","['Action', 'Comedy', 'Animation', 'Family']"
238,12244,"[878, 28, 12, 53, 16]","['Science Fiction', 'Action', 'Adventure', 'Thriller', 'Animation']"
239,12279,"[878, 28, 12, 35, 10751]","['Science Fiction', 'Action', 'Adventure', 'Comedy', 'Family']"
240,12429,"[14, 16, 10751]","['Fantasy', 'Animation', 'Family']"
241,12444,"[12, 14]","['Adventure', 'Fantasy']"
242,12445,"[12, 14]","['Adventure', 'Fantasy']"
243,12536,"[35, 10751]","['Comedy', 'Family']"
244,12556,"[35, 14, 10749]","['Comedy', 'Fantasy', 'Romance']"
245,13002,"[16, 10751]","['Animation', 'Family']"
246,13053,"[12, 35, 16, 10751]","['Adventure', 'Comedy', 'Animation', 'Family']"
247,13179,"[12, 14, 16, 10751]","['Adventure', 'Fantasy', 'Animation', 'Family']"
248,13186,"[53, 27]","['Thriller', 'Horror']"
249,13377,"[35, 16, 10751]","['Comedy', 'Animation', 'Family']"
250,13394,"[12, 35, 14, 16, 10751]","['Adventure', 'Comedy', 'Fantasy', 'Animation', 'Family']"
251,13448,"[53, 9648]","['Thriller', 'Mystery']"
252,13459,"[16, 10751]","['Animation', 'Family']"
253,13475,"[878, 28, 12]","['Science Fiction', 'Action', 'Adventure']"
254,13596,"[35, 10749]","['Comedy', 'Romance']"
255,13654,"[12, 35, 16, 10751]","['Adventure', 'Comedy', 'Animation', 'Family']"
256,13673,"[35, 10751]","['Comedy', 'Family']"
257,13688,"[878, 35, 14, 10751, 18]","['Science Fiction', 'Comedy', 'Fantasy', 'Family', 'Drama']"
258,13767,"[12, 35, 10751]","['Adventure', 'Comedy', 'Family']"
259,13811,"[878, 28, 53, 9648]","['Science Fiction', 'Action', 'Thriller', 'Mystery']"
260,13971,"[35, 18, 10749]","['Comedy', 'Drama', 'Romance']"
261,14128,"[14, 16, 10751, 10749]","['Fantasy', 'Animation', 'Family', 'Romance']"
262,14160,"[12, 35, 16, 10751]","['Adventure', 'Comedy', 'Animation', 'Family']"
263,14161,"[878, 28, 12]","['Science Fiction', 'Action', 'Adventure']"
264,14199,"[878, 12, 10751]","['Science Fiction', 'Adventure', 'Family']"
265,14248,"[35, 14, 16, 10751]","['Comedy', 'Fantasy', 'Animation', 'Family']"
266,14306,"[35, 10751]","['Comedy', 'Family']"
267,14405,"[12, 35, 10751, 10749]","['Adventure', 'Comedy', 'Family', 'Romance']"
268,14442,"[35, 14, 10751]","['Comedy', 'Fantasy', 'Family']"
269,14560,"[28, 12, 35, 10751]","['Action', 'Adventure', 'Comedy', 'Family']"
270,14836,"[14, 16, 10751]","['Fantasy', 'Animation', 'Family']"
271,14869,"[878, 28, 12, 53]","['Science Fiction', 'Action', 'Adventure', 'Thriller']"
272,15015,"[16, 10751]","['Animation', 'Family']"
273,15092,"[28, 80, 53]","['Action', 'Crime', 'Thriller']"
274,15165,"[35, 16, 10751]","['Comedy', 'Animation', 'Family']"
275,15255,"[28, 80, 53]","['Action', 'Crime', 'Thriller']"
276,16119,"[14, 16, 10751, 10749]","['Fantasy', 'Animation', 'Family', 'Romance']"
277,16290,"[28, 35, 99]","['Action', 'Comedy', 'Documentary']"
278,16366,"[16, 10751]","['Animation', 'Family']"
279,16523,"[878, 14, 10751, 18]","['Science Fiction', 'Fantasy', 'Family', 'Drama']"
280,16577,"[878, 28, 16, 10751]","['Science Fiction', 'Action', 'Animation', 'Family']"
281,16869,"[28, 53, 18, 10752]","['Action', 'Thriller', 'Drama', 'War']"
282,16985,[35],['Comedy']
283,16995,"[53, 18]","['Thriller', 'Drama']"
284,16996,[35],['Comedy']
285,17134,"[28, 80, 53]","['Action', 'Crime', 'Thriller']"
286,17445,"[878, 28, 12, 14, 16]","['Science Fiction', 'Action', 'Adventure', 'Fantasy', 'Animation']"
287,17610,"[12, 35]","['Adventure', 'Comedy']"
288,17654,[878],['Science Fiction']
289,17979,"[14, 16, 10751, 18]","['Fantasy', 'Animation', 'Family', 'Drama']"
290,18126,"[35, 10751, 18, 10749, 10402]","['Comedy', 'Family', 'Drama', 'Romance', 'Music']"
291,18239,"[12, 14, 18, 10749]","['Adventure', 'Fantasy', 'Drama', 'Romance']"
292,18240,"[35, 18, 10749]","['Comedy', 'Drama', 'Romance']"
293,18360,"[28, 12, 35, 14, 10751]","['Action', 'Adventure', 'Comedy', 'Fantasy', 'Family']"
294,18785,[35],['Comedy']
295,18823,"[28, 12, 14]","['Action', 'Adventure', 'Fantasy']"
296,19458,"[35, 10751, 18, 10770]","['Comedy', 'Family', 'Drama', 'TV Movie']"
297,19840,"[35, 10749]","['Comedy', 'Romance']"
298,19899,"[35, 10749]","['Comedy', 'Romance']"
299,19908,"[35, 27]","['Comedy', 'Horror']"
300,19912,"[27, 9648]","['Horror', 'Mystery']"
301,19913,"[35, 18, 10749]","['Comedy', 'Drama', 'Romance']"
302,19994,"[35, 27]","['Comedy', 'Horror']"
303,19995,"[878, 28, 12, 14]","['Science Fiction', 'Action', 'Adventure', 'Fantasy']"
304,20048,"[35, 10749]","['Comedy', 'Romance']"
305,20352,"[35, 16, 10751]","['Comedy', 'Animation', 'Family']"
306,20453,"[35, 18]","['Comedy', 'Drama']"
307,20526,"[878, 28, 12]","['Science Fiction', 'Action', 'Adventure']"
308,20533,"[28, 53, 14, 18, 37]","['Action', 'Thriller', 'Fantasy', 'Drama', 'Western']"
309,20662,[12],['Adventure']
310,20829,"[35, 18]","['Comedy', 'Drama']"
311,20943,"[35, 10749]","['Comedy', 'Romance']"
312,21191,"[28, 80, 53, 18]","['Action', 'Crime', 'Thriller', 'Drama']"
313,21208,"[53, 27, 9648]","['Thriller', 'Horror', 'Mystery']"
314,22794,"[35, 16, 10751]","['Comedy', 'Animation', 'Family']"
315,22803,"[80, 53, 18]","['Crime', 'Thriller', 'Drama']"
316,22832,[28],['Action']
317,22881,[18],['Drama']
318,22894,"[28, 14, 27]","['Action', 'Fantasy', 'Horror']"
319,23023,"[35, 14, 10751]","['Comedy', 'Fantasy', 'Family']"
320,23047,"[28, 12, 14]","['Action', 'Adventure', 'Fantasy']"
321,23168,"[80, 53, 18]","['Crime', 'Thriller', 'Drama']"
322,23172,"[28, 35, 10751]","['Action', 'Comedy', 'Family']"
323,23398,"[35, 14, 16, 10751, 10402]","['Comedy', 'Fantasy', 'Animation', 'Family', 'Music']"
324,23483,"[28, 80]","['Action', 'Crime']"
325,23629,"[28, 53, 14]","['Action', 'Thriller', 'Fantasy']"
326,23631,"[28, 35, 53]","['Action', 'Comedy', 'Thriller']"
327,23823,"[53, 27]","['Thriller', 'Horror']"
328,23827,"[27, 9648]","['Horror', 'Mystery']"
329,23988,"[35, 27]","['Comedy', 'Horror']"
330,24021,"[12, 14, 18, 10749]","['Adventure', 'Fantasy', 'Drama', 'Romance']"
331,24122,"[35, 10749]","['Comedy', 'Romance']"
332,24418,"[28, 12, 53, 14]","['Action', 'Adventure', 'Thriller', 'Fantasy']"
333,24428,"[878, 28, 12]","['Science Fiction', 'Action', 'Adventure']"
334,25475,"[12, 14, 16, 10751]","['Adventure', 'Fantasy', 'Animation', 'Family']"
335,25769,"[878, 28, 53, 18, 27]","['Science Fiction', 'Action', 'Thriller', 'Drama', 'Horror']"
336,26123,[35],['Comedy']
337,26389,"[28, 80, 53]","['Action', 'Crime', 'Thriller']"
338,27205,"[878, 28, 12]","['Science Fiction', 'Action', 'Adventure']"
339,27576,"[28, 53, 9648]","['Action', 'Thriller', 'Mystery']"
340,27578,"[28, 12, 53]","['Action', 'Adventure', 'Thriller']"
341,27581,"[28, 35, 80]","['Action', 'Comedy', 'Crime']"
342,27584,[35],['Comedy']
343,28510,"[878, 28, 12, 53]","['Science Fiction', 'Action', 'Adventure', 'Thriller']"
344,32471,"[35, 10751, 18]","['Comedy', 'Family', 'Drama']"
345,32657,"[12, 14, 10751]","['Adventure', 'Fantasy', 'Family']"
346,33217,"[35, 10751]","['Comedy', 'Family']"
347,33273,"[28, 53, 18]","['Action', 'Thriller', 'Drama']"
348,34134,"[14, 16, 10751]","['Fantasy', 'Animation', 'Family']"
349,34544,"[28, 12, 35, 80, 53]","['Action', 'Adventure', 'Comedy', 'Crime', 'Thriller']"
350,34813,"[28, 12, 80, 53, 9648]","['Action', 'Adventure', 'Crime', 'Thriller', 'Mystery']"
351,34851,"[878, 28, 53]","['Science Fiction', 'Action', 'Thriller']"
352,36557,"[28, 12, 53]","['Action', 'Adventure', 'Thriller']"
353,36647,"[28, 27]","['Action', 'Horror']"
354,37135,"[12, 16, 10751, 18]","['Adventure', 'Animation', 'Family', 'Drama']"
355,37169,[27],['Horror']
356,37211,"[35, 16, 10751, 9648, 10770]","['Comedy', 'Animation', 'Family', 'Mystery', 'TV Movie']"
357,37430,"[28, 12, 14]","['Action', 'Adventure', 'Fantasy']"
358,37645,"[80, 53, 18]","['Crime', 'Thriller', 'Drama']"
359,37686,"[878, 53, 9648]","['Science Fiction', 'Thriller', 'Mystery']"
360,37710,"[28, 53, 10749]","['Action', 'Thriller', 'Romance']"
361,37724,"[28, 12, 53]","['Action', 'Adventure', 'Thriller']"
362,37735,[35],['Comedy']
363,37786,"[35, 18, 10749]","['Comedy', 'Drama', 'Romance']"
364,37797,"[16, 10751, 18]","['Animation', 'Family', 'Drama']"
365,37834,"[28, 35]","['Action', 'Comedy']"
366,38055,"[878, 28, 35, 16, 10751]","['Science Fiction', 'Action', 'Comedy', 'Animation', 'Family']"
367,38234,"[28, 53]","['Action', 'Thriller']"
368,38322,"[28, 35, 80]","['Action', 'Comedy', 'Crime']"
369,38365,[35],['Comedy']
370,38408,"[35, 18, 10749]","['Comedy', 'Drama', 'Romance']"
371,38575,"[28, 12, 10751, 18]","['Action', 'Adventure', 'Family', 'Drama']"
372,38700,"[28, 80, 53]","['Action', 'Crime', 'Thriller']"
373,38757,"[16, 10751]","['Animation', 'Family']"
374,39254,"[878, 28, 18]","['Science Fiction', 'Action', 'Drama']"
375,39323,"[878, 28, 14, 16, 18]","['Science Fiction', 'Action', 'Fantasy', 'Animation', 'Drama']"
376,39513,"[878, 12, 35]","['Science Fiction', 'Adventure', 'Comedy']"
377,41154,"[878, 28, 35]","['Science Fiction', 'Action', 'Comedy']"
378,41630,"[35, 10749]","['Comedy', 'Romance']"
379,41965,"[14, 18, 27]","['Fantasy', 'Drama', 'Horror']"
380,42194,"[878, 28, 80, 53, 18]","['Science Fiction', 'Action', 'Crime', 'Thriller', 'Drama']"
381,42246,"[28, 12, 35, 16, 10751]","['Action', 'Adventure', 'Comedy', 'Animation', 'Family']"
382,42684,"[878, 28]","['Science Fiction', 'Action']"
383,42889,[35],['Comedy']
384,43074,"[28, 35, 14]","['Action', 'Comedy', 'Fantasy']"
385,43347,"[35, 18, 10749]","['Comedy', 'Drama', 'Romance']"
386,43539,"[80, 53, 18, 10749]","['Crime', 'Thriller', 'Drama', 'Romance']"
387,43549,"[53, 18]","['Thriller', 'Drama']"
388,43947,"[80, 53, 27]","['Crime', 'Thriller', 'Horror']"
389,43949,"[18, 10749]","['Drama', 'Romance']"
390,43959,"[10751, 18]","['Family', 'Drama']"
391,44263,"[878, 28, 53]","['Science Fiction', 'Action', 'Thriller']"
392,44571,"[878, 28, 53]","['Science Fiction', 'Action', 'Thriller']"
393,44683,"[12, 14, 16, 10751]","['Adventure', 'Fantasy', 'Animation', 'Family']"
394,44874,"[16, 10751]","['Animation', 'Family']"
395,44896,"[12, 35, 16, 10751, 37]","['Adventure', 'Comedy', 'Animation', 'Family', 'Western']"
396,44912,"[878, 28, 12, 53]","['Science Fiction', 'Action', 'Adventure', 'Thriller']"
397,44943,"[878, 28]","['Science Fiction', 'Action']"
398,45243,[35],['Comedy']
399,45610,"[28, 80, 53]","['Action', 'Crime', 'Thriller']"
400,45612,"[878, 53, 9648]","['Science Fiction', 'Thriller', 'Mystery']"
401,45781,[35],['Comedy']
402,46195,"[12, 35, 16, 10751]","['Adventure', 'Comedy', 'Animation', 'Family']"
403,46528,"[28, 12, 53, 14, 37]","['Action', 'Adventure', 'Thriller', 'Fantasy', 'Western']"
404,47933,"[878, 28, 12]","['Science Fiction', 'Action', 'Adventure']"
405,47964,"[28, 53]","['Action', 'Thriller']"
406,47971,"[28, 12, 80]","['Action', 'Adventure', 'Crime']"
407,48138,"[28, 53, 9648]","['Action', 'Thriller', 'Mystery']"
408,48340,"[28, 53]","['Action', 'Thriller']"
409,49013,"[12, 35, 16, 10751]","['Adventure', 'Comedy', 'Animation', 'Family']"
410,49018,"[53, 27]","['Thriller', 'Horror']"
411,49021,"[28, 12, 53]","['Action', 'Adventure', 'Thriller']"
412,49026,"[28, 80, 53, 18]","['Action', 'Crime', 'Thriller', 'Drama']"
413,49051,"[28, 12, 14]","['Action', 'Adventure', 'Fantasy']"
414,49444,"[16, 10751]","['Animation', 'Family']"
415,49519,"[28, 12, 35, 14, 16, 10751]","['Action', 'Adventure', 'Comedy', 'Fantasy', 'Animation', 'Family']"
416,49520,[35],['Comedy']
417,49521,"[878, 28, 12, 14]","['Science Fiction', 'Action', 'Adventure', 'Fantasy']"
418,49529,"[878, 28, 12]","['Science Fiction', 'Action', 'Adventure']"
419,49530,"[878, 28, 53]","['Science Fiction', 'Action', 'Thriller']"
420,49849,"[878, 28, 53, 37]","['Science Fiction', 'Action', 'Thriller', 'Western']"
421,50544,"[35, 10749]","['Comedy', 'Romance']"
422,50546,"[35, 10749]","['Comedy', 'Romance']"
423,50619,"[12, 14, 10749]","['Adventure', 'Fantasy', 'Romance']"
424,50620,"[12, 14, 18, 10749]","['Adventure', 'Fantasy', 'Drama', 'Romance']"
425,51608,"[28, 80, 53]","['Action', 'Crime', 'Thriller']"
426,51620,"[878, 28, 53]","['Science Fiction', 'Action', 'Thriller']"
427,51876,"[878, 53, 9648]","['Science Fiction', 'Thriller', 'Mystery']"
428,52520,"[28, 14, 27]","['Action', 'Fantasy', 'Horror']"
429,53182,"[28, 18]","['Action', 'Drama']"
430,55301,"[35, 14, 16, 10751, 10402]","['Comedy', 'Fantasy', 'Animation', 'Family', 'Music']"
431,55779,"[27, 9648]","['Horror', 'Mystery']"
432,55846,"[28, 80, 53]","['Action', 'Crime', 'Thriller']"
433,56292,"[28, 12, 53]","['Action', 'Adventure', 'Thriller']"
434,57158,"[28, 12, 14]","['Action', 'Adventure', 'Fantasy']"
435,57165,"[12, 14]","['Adventure', 'Fantasy']"
436,57201,"[28, 12, 37]","['Action', 'Adventure', 'Western']"
437,57214,[35],['Comedy']
438,57737,"[14, 16, 10751]","['Fantasy', 'Animation', 'Family']"
439,57800,"[12, 35, 16, 10751]","['Adventure', 'Comedy', 'Animation', 'Family']"
440,58233,"[28, 12, 35, 80, 53]","['Action', 'Adventure', 'Comedy', 'Crime', 'Thriller']"
441,58574,"[28, 12, 80, 9648]","['Action', 'Adventure', 'Crime', 'Mystery']"
442,58595,"[12, 14, 18]","['Adventure', 'Fantasy', 'Drama']"
443,58857,"[28, 12, 18]","['Action', 'Adventure', 'Drama']"
444,59108,"[28, 35]","['Action', 'Comedy']"
445,59440,"[28, 18]","['Action', 'Drama']"
446,59859,"[28, 12, 80]","['Action', 'Adventure', 'Crime']"
447,59967,"[878, 28, 53]","['Science Fiction', 'Action', 'Thriller']"
448,60304,"[28, 14, 27]","['Action', 'Fantasy', 'Horror']"
449,60307,"[35, 10751]","['Comedy', 'Family']"
450,60747,"[28, 53]","['Action', 'Thriller']"
451,61791,"[878, 28, 53, 18]","['Science Fiction', 'Action', 'Thriller', 'Drama']"
452,61979,"[18, 10749]","['Drama', 'Romance']"
453,62177,"[28, 12, 35, 14, 16, 10751]","['Action', 'Adventure', 'Comedy', 'Fantasy', 'Animation', 'Family']"
454,62206,"[28, 12, 35]","['Action', 'Adventure', 'Comedy']"
455,62211,"[16, 10751]","['Animation', 'Family']"
456,62835,"[28, 80, 53, 18]","['Action', 'Crime', 'Thriller', 'Drama']"
457,63311,"[18, 27]","['Drama', 'Horror']"
458,64635,"[878, 28, 12, 53]","['Science Fiction', 'Action', 'Adventure', 'Thriller']"
459,64688,"[28, 35, 80]","['Action', 'Comedy', 'Crime']"
460,64690,"[80, 53, 18]","['Crime', 'Thriller', 'Drama']"
461,65291,"[878, 28, 12, 16, 18]","['Science Fiction', 'Action', 'Adventure', 'Animation', 'Drama']"
462,68718,"[18, 37]","['Drama', 'Western']"
463,68721,"[878, 28, 12]","['Science Fiction', 'Action', 'Adventure']"
464,68724,"[878, 28, 53, 18]","['Science Fiction', 'Action', 'Thriller', 'Drama']"
465,68726,"[878, 28, 12]","['Science Fiction', 'Action', 'Adventure']"
466,68735,"[28, 12, 14]","['Action', 'Adventure', 'Fantasy']"
467,68737,"[12, 14]","['Adventure', 'Fantasy']"
468,70160,"[878, 12, 14]","['Science Fiction', 'Adventure', 'Fantasy']"
469,70981,"[878, 12, 9648]","['Science Fiction', 'Adventure', 'Mystery']"
470,71552,[35],['Comedy']
471,71672,"[53, 27]","['Thriller', 'Horror']"
472,71676,"[28, 53, 14]","['Action', 'Thriller', 'Fantasy']"
473,71880,[35],['Comedy']
474,72105,"[35, 14]","['Comedy', 'Fantasy']"
475,72190,"[878, 28, 53, 18, 27]","['Science Fiction', 'Action', 'Thriller', 'Drama', 'Horror']"
476,72331,"[28, 14, 27]","['Action', 'Fantasy', 'Horror']"
477,72431,"[28, 12, 18, 36, 10752]","['Action', 'Adventure', 'Drama', 'History', 'War']"
478,72545,"[878, 28, 12]","['Science Fiction', 'Action', 'Adventure']"
479,72571,"[27, 9648]","['Horror', 'Mystery']"
480,73456,"[14, 16, 10751]","['Fantasy', 'Animation', 'Family']"
481,74513,"[28, 18, 10752]","['Action', 'Drama', 'War']"
482,74998,"[28, 53, 18]","['Action', 'Thriller', 'Drama']"
483,75174,"[28, 12, 53, 18]","['Action', 'Adventure', 'Thriller', 'Drama']"
484,75258,"[12, 14, 16, 10751]","['Adventure', 'Fantasy', 'Animation', 'Family']"
485,75656,"[80, 53]","['Crime', 'Thriller']"
486,75780,"[28, 80, 53, 18]","['Action', 'Crime', 'Thriller', 'Drama']"
487,75948,"[28, 14]","['Action', 'Fantasy']"
488,76163,"[28, 12, 53]","['Action', 'Adventure', 'Thriller']"
489,76285,"[12, 14, 10751]","['Adventure', 'Fantasy', 'Family']"
490,76338,"[28, 12, 14]","['Action', 'Adventure', 'Fantasy']"
491,76341,"[878, 28, 12]","['Science Fiction', 'Action', 'Adventure']"
492,76489,[35],['Comedy']
493,76492,"[35, 14, 16, 10751]","['Comedy', 'Fantasy', 'Animation', 'Family']"
494,76600,"[878, 28, 12, 14]","['Science Fiction', 'Action', 'Adventure', 'Fantasy']"
495,76726,"[878, 53, 18]","['Science Fiction', 'Thriller', 'Drama']"
496,76757,"[878, 28, 12, 14]","['Science Fiction', 'Action', 'Adventure', 'Fantasy']"
497,77338,"[35, 18]","['Comedy', 'Drama']"
498,77866,"[28, 80, 53, 18]","['Action', 'Crime', 'Thriller', 'Drama']"
499,78215,"[28, 18, 10752]","['Action', 'Drama', 'War']"
500,80035,"[878, 28, 35]","['Science Fiction', 'Action', 'Comedy']"
501,80321,"[12, 35, 16, 10751]","['Adventure', 'Comedy', 'Animation', 'Family']"
502,80389,"[28, 80, 53, 18]","['Action', 'Crime', 'Thriller', 'Drama']"
503,81005,"[28, 12, 14, 10751]","['Action', 'Adventure', 'Fantasy', 'Family']"
504,81188,"[28, 12, 14, 16, 10751]","['Action', 'Adventure', 'Fantasy', 'Animation', 'Family']"
505,81796,"[878, 28, 53]","['Science Fiction', 'Action', 'Thriller']"
506,82633,"[80, 18, 37]","['Crime', 'Drama', 'Western']"
507,82650,"[35, 10751]","['Comedy', 'Family']"
508,82675,"[28, 80, 53]","['Action', 'Crime', 'Thriller']"
509,82690,"[12, 35, 16, 10751]","['Adventure', 'Comedy', 'Animation', 'Family']"
510,82700,"[878, 28, 12]","['Science Fiction', 'Action', 'Adventure']"
511,82702,"[28, 12, 35, 14, 16, 10751]","['Action', 'Adventure', 'Comedy', 'Fantasy', 'Animation', 'Family']"
512,84226,"[878, 28, 18, 27]","['Science Fiction', 'Action', 'Drama', 'Horror']"
513,86130,"[16, 10751]","['Animation', 'Family']"
514,86331,"[18, 10749]","['Drama', 'Romance']"
515,87101,"[878, 28, 12, 53]","['Science Fiction', 'Action', 'Adventure', 'Thriller']"
516,87421,"[878, 28, 53]","['Science Fiction', 'Action', 'Thriller']"
517,87428,"[35, 18]","['Comedy', 'Drama']"
518,87818,[35],['Comedy']
519,91314,"[878, 28, 12]","['Science Fiction', 'Action', 'Adventure']"
520,91342,"[16, 10751]","['Animation', 'Family']"
521,93456,"[35, 16, 10751]","['Comedy', 'Animation', 'Family']"
522,98566,"[878, 28, 12, 35]","['Science Fiction', 'Action', 'Adventure', 'Comedy']"
523,99861,"[878, 28, 12]","['Science Fiction', 'Action', 'Adventure']"
524,100042,[35],['Comedy']
525,100402,"[878, 28, 12]","['Science Fiction', 'Action', 'Adventure']"
526,101299,"[878, 28, 12]","['Science Fiction', 'Action', 'Adventure']"
527,102382,"[28, 12, 14]","['Action', 'Adventure', 'Fantasy']"
528,102651,"[28, 12, 14, 10751, 10749]","['Action', 'Adventure', 'Fantasy', 'Family', 'Romance']"
529,102899,"[878, 28, 12]","['Science Fiction', 'Action', 'Adventure']"
530,105864,"[12, 16, 10751]","['Adventure', 'Animation', 'Family']"
531,105965,"[35, 10751]","['Comedy', 'Family']"
532,106646,"[35, 80, 18]","['Comedy', 'Crime', 'Drama']"
533,106758,[18],['Drama']
534,107846,"[28, 53]","['Action', 'Thriller']"
535,109418,[35],['Comedy']
536,109439,[35],['Comedy']
537,109445,"[12, 14, 16, 10751]","['Adventure', 'Fantasy', 'Animation', 'Family']"
538,109451,"[35, 16, 10751]","['Comedy', 'Animation', 'Family']"
539,109689,"[18, 10749]","['Drama', 'Romance']"
540,110415,"[878, 28, 18]","['Science Fiction', 'Action', 'Drama']"
541,110420,"[14, 16, 10751, 18]","['Fantasy', 'Animation', 'Family', 'Drama']"
542,116711,"[12, 14, 16, 10751]","['Adventure', 'Fantasy', 'Animation', 'Family']"
543,117251,"[28, 53, 18]","['Action', 'Thriller', 'Drama']"
544,117263,"[28, 53]","['Action', 'Thriller']"
545,118340,"[878, 28, 12]","['Science Fiction', 'Action', 'Adventure']"
546,119283,"[28, 80]","['Action', 'Crime']"
547,119450,"[878, 28, 53, 18]","['Science Fiction', 'Action', 'Thriller', 'Drama']"
548,119698,"[28, 12]","['Action', 'Adventure']"
549,122917,"[28, 12, 14]","['Action', 'Adventure', 'Fantasy']"
550,123553,"[28, 14, 9648]","['Action', 'Fantasy', 'Mystery']"
551,124905,"[878, 28, 18]","['Science Fiction', 'Action', 'Drama']"
552,125509,"[53, 27]","['Thriller', 'Horror']"
553,126889,"[878, 27, 9648]","['Science Fiction', 'Horror', 'Mystery']"
554,127521,"[28, 80, 53]","['Action', 'Crime', 'Thriller']"
555,127585,"[878, 28, 12, 14]","['Science Fiction', 'Action', 'Adventure', 'Fantasy']"
556,131631,"[878, 12, 53]","['Science Fiction', 'Adventure', 'Thriller']"
557,131634,"[878, 28, 12]","['Science Fiction', 'Action', 'Adventure']"
558,133121,"[28, 16, 27]","['Action', 'Animation', 'Horror']"
559,134374,"[28, 35, 80]","['Action', 'Comedy', 'Crime']"
560,135397,"[878, 28, 12, 53]","['Science Fiction', 'Action', 'Adventure', 'Thriller']"
561,136400,"[28, 35, 80]","['Action', 'Comedy', 'Crime']"
562,136418,"[28, 53]","['Action', 'Thriller']"
563,136795,"[28, 35, 80]","['Action', 'Comedy', 'Crime']"
564,136797,"[28, 80, 53, 18]","['Action', 'Crime', 'Thriller', 'Drama']"
565,136799,"[12, 35, 14, 16, 10751, 10402]","['Adventure', 'Comedy', 'Fantasy', 'Animation', 'Family', 'Music']"
566,137113,"[878, 28]","['Science Fiction', 'Action']"
567,138103,"[28, 12, 53]","['Action', 'Adventure', 'Thriller']"
568,138843,"[53, 27]","['Thriller', 'Horror']"
569,139038,"[35, 27]","['Comedy', 'Horror']"
570,140300,"[28, 12, 35, 16, 10751]","['Action', 'Adventure', 'Comedy', 'Animation', 'Family']"
571,140607,"[878, 28, 12, 14]","['Science Fiction', 'Action', 'Adventure', 'Fantasy']"
572,141052,"[878, 28, 12, 14]","['Science Fiction', 'Action', 'Adventure', 'Fantasy']"
573,146216,"[28, 35, 80, 53]","['Action', 'Comedy', 'Crime', 'Thriller']"
574,147441,"[28, 12, 18]","['Action', 'Adventure', 'Drama']"
575,150540,"[12, 35, 16, 10751, 18]","['Adventure', 'Comedy', 'Animation', 'Family', 'Drama']"
576,150689,"[14, 10751, 18, 10749]","['Fantasy', 'Family', 'Drama', 'Romance']"
577,153518,"[12, 35, 16]","['Adventure', 'Comedy', 'Animation']"
578,156022,"[28, 80, 53]","['Action', 'Crime', 'Thriller']"
579,156717,"[878, 28, 53]","['Science Fiction', 'Action', 'Thriller']"
580,157336,"[878, 12, 18]","['Science Fiction', 'Adventure', 'Drama']"
581,157350,"[878, 28, 12]","['Science Fiction', 'Action', 'Adventure']"
582,158015,"[878, 53, 27]","['Science Fiction', 'Thriller', 'Horror']"
583,159824,"[35, 14, 16, 10751]","['Comedy', 'Fantasy', 'Animation', 'Family']"
584,166424,"[878, 28, 12]","['Science Fiction', 'Action', 'Adventure']"
585,166426,"[28, 12, 14]","['Action', 'Adventure', 'Fantasy']"
586,166428,"[12, 16, 10751]","['Adventure', 'Animation', 'Family']"
587,167032,"[53, 27]","['Thriller', 'Horror']"
588,168259,"[28, 12, 80, 53]","['Action', 'Adventure', 'Crime', 'Thriller']"
589,169209,"[28, 18]","['Action', 'Drama']"
590,169917,"[80, 53, 18, 9648]","['Crime', 'Thriller', 'Drama', 'Mystery']"
591,171581,[28],['Action']
592,172385,"[12, 35, 16, 10751]","['Adventure', 'Comedy', 'Animation', 'Family']"
593,174772,"[878, 53]","['Science Fiction', 'Thriller']"
594,175112,"[16, 10751]","['Animation', 'Family']"
595,177572,"[28, 12, 35, 16, 10751]","['Action', 'Adventure', 'Comedy', 'Animation', 'Family']"
596,179826,"[53, 9648]","['Thriller', 'Mystery']"
597,181808,"[878, 28, 12]","['Science Fiction', 'Action', 'Adventure']"
598,181812,"[878, 28, 12]","['Science Fiction', 'Action', 'Adventure']"
599,184315,"[28, 12]","['Action', 'Adventure']"
600,184345,"[35, 27]","['Comedy', 'Horror']"
601,187017,"[28, 35, 80]","['Action', 'Comedy', 'Crime']"
602,190859,"[28, 10752]","['Action', 'War']"
603,193893,[35],['Comedy']
604,198184,"[878, 28, 80]","['Science Fiction', 'Action', 'Crime']"
605,198663,"[878, 28, 53, 9648]","['Science Fiction', 'Action', 'Thriller', 'Mystery']"
606,200085,"[878, 28, 18]","['Science Fiction', 'Action', 'Drama']"
607,200727,"[35, 10749]","['Comedy', 'Romance']"
608,201088,"[28, 80, 53]","['Action', 'Crime', 'Thriller']"
609,205126,"[878, 28]","['Science Fiction', 'Action']"
610,205584,"[28, 12, 14]","['Action', 'Adventure', 'Fantasy']"
611,206647,"[28, 12, 53]","['Action', 'Adventure', 'Thriller']"
612,207703,"[28, 12, 35, 80]","['Action', 'Adventure', 'Comedy', 'Crime']"
613,209112,"[28, 12, 14]","['Action', 'Adventure', 'Fantasy']"
614,210577,"[53, 18, 9648]","['Thriller', 'Drama', 'Mystery']"
615,213927,[28],['Action']
616,214756,[35],['Comedy']
617,216015,"[53, 18, 10749]","['Thriller', 'Drama', 'Romance']"
618,222935,"[18, 10749]","['Drama', 'Romance']"
619,223702,"[12, 35, 14, 16]","['Adventure', 'Comedy', 'Fantasy', 'Animation']"
620,225886,[35],['Comedy']
621,227348,"[53, 27]","['Thriller', 'Horror']"
622,227719,"[878, 53, 18]","['Science Fiction', 'Thriller', 'Drama']"
623,227859,"[14, 18]","['Fantasy', 'Drama']"
624,227973,"[12, 35, 16, 10751]","['Adventure', 'Comedy', 'Animation', 'Family']"
625,228150,"[28, 18, 10752]","['Action', 'Drama', 'War']"
626,228161,"[878, 35, 14, 16, 10751]","['Science Fiction', 'Comedy', 'Fantasy', 'Animation', 'Family']"
627,228165,"[12, 35, 14, 16, 10751]","['Adventure', 'Comedy', 'Fantasy', 'Animation', 'Family']"
628,228326,"[12, 35, 14, 16, 10751]","['Adventure', 'Comedy', 'Fantasy', 'Animation', 'Family']"
629,232672,[35],['Comedy']
630,238636,"[53, 27]","['Thriller', 'Horror']"
631,240832,"[878, 28]","['Science Fiction', 'Action']"
632,241259,"[12, 14, 10751]","['Adventure', 'Fantasy', 'Family']"
633,242582,"[80, 53, 18]","['Crime', 'Thriller', 'Drama']"
634,244786,"[18, 10402]","['Drama', 'Music']"
635,245891,"[28, 53]","['Action', 'Thriller']"
636,246655,"[878, 28, 12, 14]","['Science Fiction', 'Action', 'Adventure', 'Fantasy']"
637,249070,"[28, 80, 53]","['Action', 'Crime', 'Thriller']"
638,250546,[27],['Horror']
639,254128,"[28, 53, 18]","['Action', 'Thriller', 'Drama']"
640,256591,"[35, 80, 18, 10749]","['Comedy', 'Crime', 'Drama', 'Romance']"
641,257344,"[878, 28, 35]","['Science Fiction', 'Action', 'Comedy']"
642,257346,"[878, 28, 16]","['Science Fiction', 'Action', 'Animation']"
643,257445,"[12, 35, 27]","['Adventure', 'Comedy', 'Horror']"
644,259316,"[12, 14]","['Adventure', 'Fantasy']"
645,259693,"[53, 27]","['Thriller', 'Horror']"
646,260346,"[28, 53]","['Action', 'Thriller']"
647,260513,"[28, 12, 16, 10751]","['Action', 'Adventure', 'Animation', 'Family']"
648,260514,"[12, 35, 16, 10751]","['Adventure', 'Comedy', 'Animation', 'Family']"
649,262500,"[878, 28, 12, 53]","['Science Fiction', 'Action', 'Adventure', 'Thriller']"
650,262504,"[878, 28, 12, 9648]","['Science Fiction', 'Action', 'Adventure', 'Mystery']"
651,263115,"[878, 28, 18]","['Science Fiction', 'Action', 'Drama']"
652,263472,"[53, 18, 27]","['Thriller', 'Drama', 'Horror']"
653,264419,"[16, 10751]","['Animation', 'Family']"
654,265208,"[28, 80, 53]","['Action', 'Crime', 'Thriller']"
655,268896,"[878, 28, 12, 14]","['Science Fiction', 'Action', 'Adventure', 'Fantasy']"
656,269149,"[12, 35, 16, 10751]","['Adventure', 'Comedy', 'Animation', 'Family']"
657,269437,[16],['Animation']
658,270771,"[28, 53, 27]","['Action', 'Thriller', 'Horror']"
659,270946,"[12, 35, 16, 10751]","['Adventure', 'Comedy', 'Animation', 'Family']"
660,271110,"[878, 28, 12]","['Science Fiction', 'Action', 'Adventure']"
661,273477,"[35, 27]","['Comedy', 'Horror']"
662,273481,"[28, 80, 53]","['Action', 'Crime', 'Thriller']"
663,274854,"[878, 28, 12, 14]","['Science Fiction', 'Action', 'Adventure', 'Fantasy']"
664,274855,"[878, 28, 53]","['Science Fiction', 'Action', 'Thriller']"
665,276907,"[80, 53]","['Crime', 'Thriller']"
666,277216,"[18, 36, 10402]","['Drama', 'History', 'Music']"
667,277217,"[12, 35, 14, 10751, 10402, 10770]","['Adventure', 'Comedy', 'Fantasy', 'Family', 'Music', 'TV Movie']"
668,278154,"[878, 12, 35, 16, 10751]","['Science Fiction', 'Adventure', 'Comedy', 'Animation', 'Family']"
669,278924,"[28, 80, 53]","['Action', 'Crime', 'Thriller']"
670,280002,"[53, 27]","['Thriller', 'Horror']"
671,281338,"[878, 18, 10752]","['Science Fiction', 'Drama', 'War']"
672,281957,"[12, 18, 37]","['Adventure', 'Drama', 'Western']"
673,283366,"[12, 14, 10751, 18]","['Adventure', 'Fantasy', 'Family', 'Drama']"
674,283566,"[878, 28, 16]","['Science Fiction', 'Action', 'Animation']"
675,283995,"[878, 28, 12]","['Science Fiction', 'Action', 'Adventure']"
676,284052,"[878, 28, 12, 14]","['Science Fiction', 'Action', 'Adventure', 'Fantasy']"
677,284053,"[878, 28, 12, 14]","['Science Fiction', 'Action', 'Adventure', 'Fantasy']"
678,284054,"[878, 28, 12]","['Science Fiction', 'Action', 'Adventure']"
679,286217,"[878, 12, 18]","['Science Fiction', 'Adventure', 'Drama']"
680,287903,"[35, 14, 27]","['Comedy', 'Fantasy', 'Horror']"
681,287947,"[28, 35, 14]","['Action', 'Comedy', 'Fantasy']"
682,287948,"[28, 80, 53]","['Action', 'Crime', 'Thriller']"
683,289720,[28],['Action']
684,290859,"[878, 28, 12]","['Science Fiction', 'Action', 'Adventure']"
685,291805,"[28, 35, 53]","['Action', 'Comedy', 'Thriller']"
686,291870,[35],['Comedy']
687,293167,"[28, 12, 14]","['Action', 'Adventure', 'Fantasy']"
688,293660,"[28, 12, 35]","['Action', 'Adventure', 'Comedy']"
689,294254,"[878, 28, 12, 53]","['Science Fiction', 'Action', 'Adventure', 'Thriller']"
690,295830,"[878, 28, 14, 27]","['Science Fiction', 'Action', 'Fantasy', 'Horror']"
691,296096,"[18, 10749]","['Drama', 'Romance']"
692,297270,"[12, 16, 10751]","['Adventure', 'Animation', 'Family']"
693,297761,"[28, 12, 14]","['Action', 'Adventure', 'Fantasy']"
694,297762,"[28, 12, 14]","['Action', 'Adventure', 'Fantasy']"
695,297802,"[28, 12, 14]","['Action', 'Adventure', 'Fantasy']"
696,298115,"[12, 35, 14, 16, 10751]","['Adventure', 'Comedy', 'Fantasy', 'Animation', 'Family']"
697,299534,"[878, 28, 12]","['Science Fiction', 'Action', 'Adventure']"
698,299536,"[878, 28, 12]","['Science Fiction', 'Action', 'Adventure']"
699,299537,"[878, 28, 12]","['Science Fiction', 'Action', 'Adventure']"
700,300669,"[53, 27]","['Thriller', 'Horror']"
701,300671,"[28, 53, 18, 36, 10752]","['Action', 'Thriller', 'Drama', 'History', 'War']"
702,301528,"[12, 35, 14, 16, 10751, 18]","['Adventure', 'Comedy', 'Fantasy', 'Animation', 'Family', 'Drama']"
703,302666,"[28, 12, 18]","['Action', 'Adventure', 'Drama']"
704,302699,"[28, 35, 80, 9648]","['Action', 'Comedy', 'Crime', 'Mystery']"
705,302946,"[80, 53, 18]","['Crime', 'Thriller', 'Drama']"
706,303857,"[878, 28, 16]","['Science Fiction', 'Action', 'Animation']"
707,305470,"[878, 28, 12]","['Science Fiction', 'Action', 'Adventure']"
708,307081,"[28, 18]","['Action', 'Drama']"
709,308531,"[878, 28, 12, 35, 10751]","['Science Fiction', 'Action', 'Adventure', 'Comedy', 'Family']"
710,311324,"[28, 12, 14]","['Action', 'Adventure', 'Fantasy']"
711,312221,[18],['Drama']
712,313297,"[12, 16, 10751]","['Adventure', 'Animation', 'Family']"
713,315635,"[878, 28, 12, 18]","['Science Fiction', 'Action', 'Adventure', 'Drama']"
714,315837,"[878, 28]","['Science Fiction', 'Action']"
715,316727,"[28, 53, 27]","['Action', 'Thriller', 'Horror']"
716,320288,"[878, 28, 12]","['Science Fiction', 'Action', 'Adventure']"
717,321612,"[14, 10751, 10749]","['Fantasy', 'Family', 'Romance']"
718,323660,"[28, 14]","['Action', 'Fantasy']"
719,324552,"[28, 80, 53]","['Action', 'Crime', 'Thriller']"
720,324786,"[18, 36, 10752]","['Drama', 'History', 'War']"
721,324852,"[28, 12, 35, 16, 10751]","['Action', 'Adventure', 'Comedy', 'Animation', 'Family']"
722,324857,"[878, 28, 12, 35, 16]","['Science Fiction', 'Action', 'Adventure', 'Comedy', 'Animation']"
723,326359,"[12, 35, 16, 10751]","['Adventure', 'Comedy', 'Animation', 'Family']"
724,329865,"[878, 18, 9648]","['Science Fiction', 'Drama', 'Mystery']"
725,330457,"[12, 35, 14, 16, 10751]","['Adventure', 'Comedy', 'Fantasy', 'Animation', 'Family']"
726,331482,"[18, 10749]","['Drama', 'Romance']"
727,333339,"[878, 28, 12]","['Science Fiction', 'Action', 'Adventure']"
728,333484,"[28, 12, 37]","['Action', 'Adventure', 'Western']"
729,335797,"[35, 16, 10751, 10402]","['Comedy', 'Animation', 'Family', 'Music']"
730,335983,"[878, 28]","['Science Fiction', 'Action']"
731,335984,"[878, 18]","['Science Fiction', 'Drama']"
732,335988,"[878, 28, 12, 14]","['Science Fiction', 'Action', 'Adventure', 'Fantasy']"
733,336843,"[878, 28, 12, 53]","['Science Fiction', 'Action', 'Adventure', 'Thriller']"
734,337167,"[18, 10749]","['Drama', 'Romance']"
735,337339,"[28, 80, 53]","['Action', 'Crime', 'Thriller']"
736,337401,"[12, 14]","['Adventure', 'Fantasy']"
737,337404,"[35, 80]","['Comedy', 'Crime']"
738,338762,"[878, 28]","['Science Fiction', 'Action']"
739,338952,"[12, 14, 18]","['Adventure', 'Fantasy', 'Drama']"
740,338967,"[28, 35, 27]","['Action', 'Comedy', 'Horror']"
741,339403,"[28, 80]","['Action', 'Crime']"
742,339846,"[28, 35, 80]","['Action', 'Comedy', 'Crime']"
743,339984,[18],['Drama']
744,340102,"[878, 27]","['Science Fiction', 'Horror']"
745,341174,"[18, 10749]","['Drama', 'Romance']"
746,342470,"[18, 10749]","['Drama', 'Romance']"
747,342473,"[12, 35, 16, 10751]","['Adventure', 'Comedy', 'Animation', 'Family']"
748,343611,[28],['Action']
749,343668,"[28, 12, 35, 80, 53]","['Action', 'Adventure', 'Comedy', 'Crime', 'Thriller']"
750,345887,"[28, 80, 53]","['Action', 'Crime', 'Thriller']"
751,345938,"[14, 18]","['Fantasy', 'Drama']"
752,345940,"[878, 28, 27]","['Science Fiction', 'Action', 'Horror']"
753,346364,"[14, 27]","['Fantasy', 'Horror']"
754,346651,"[878, 28, 27]","['Science Fiction', 'Action', 'Horror']"
755,346672,"[28, 53, 14, 27]","['Action', 'Thriller', 'Fantasy', 'Horror']"
756,346910,"[878, 28, 12, 35]","['Science Fiction', 'Action', 'Adventure', 'Comedy']"
757,347626,"[35, 10749]","['Comedy', 'Romance']"
758,348350,"[878, 28, 12]","['Science Fiction', 'Action', 'Adventure']"
759,348893,"[28, 18]","['Action', 'Drama']"
760,350499,"[28, 12, 14, 16, 10751]","['Action', 'Adventure', 'Fantasy', 'Animation', 'Family']"
761,351286,"[878, 28, 12]","['Science Fiction', 'Action', 'Adventure']"
762,351819,"[35, 10749]","['Comedy', 'Romance']"
763,353081,"[28, 12]","['Action', 'Adventure']"
764,353486,"[28, 12, 35, 14]","['Action', 'Adventure', 'Comedy', 'Fantasy']"
765,354556,"[878, 28, 14]","['Science Fiction', 'Action', 'Fantasy']"
766,354912,"[12, 35, 14, 16, 10751, 10402]","['Adventure', 'Comedy', 'Fantasy', 'Animation', 'Family', 'Music']"
767,359724,"[28, 18, 36]","['Action', 'Drama', 'History']"
768,359983,"[16, 10751, 10770]","['Animation', 'Family', 'TV Movie']"
769,360920,"[35, 14, 16, 10751]","['Comedy', 'Fantasy', 'Animation', 'Family']"
770,363088,"[878, 28, 12]","['Science Fiction', 'Action', 'Adventure']"
771,364689,"[12, 35, 16, 10751]","['Adventure', 'Comedy', 'Animation', 'Family']"
772,370172,"[28, 12, 53]","['Action', 'Adventure', 'Thriller']"
773,372058,"[16, 18, 10749]","['Animation', 'Drama', 'Romance']"
774,373571,"[878, 28]","['Science Fiction', 'Action']"
775,378064,"[16, 18]","['Animation', 'Drama']"
776,379291,"[878, 28, 16]","['Science Fiction', 'Action', 'Animation']"
777,379686,"[878, 35, 16, 10751]","['Science Fiction', 'Comedy', 'Animation', 'Family']"
778,381288,"[53, 27]","['Thriller', 'Horror']"
779,381289,"[12, 35, 14, 10751, 18]","['Adventure', 'Comedy', 'Fantasy', 'Family', 'Drama']"
780,382190,"[878, 12, 14, 16, 10751]","['Science Fiction', 'Adventure', 'Fantasy', 'Animation', 'Family']"
781,383498,"[28, 12, 35]","['Action', 'Adventure', 'Comedy']"
782,384018,"[28, 12, 35]","['Action', 'Adventure', 'Comedy']"
783,385103,"[12, 35, 16, 10751]","['Adventure', 'Comedy', 'Animation', 'Family']"
784,385128,"[28, 80, 53]","['Action', 'Crime', 'Thriller']"
785,390043,"[28, 35, 80, 53]","['Action', 'Comedy', 'Crime', 'Thriller']"
786,391757,"[28, 18]","['Action', 'Drama']"
787,393345,"[53, 27]","['Thriller', 'Horror']"
788,396422,"[53, 27, 9648]","['Thriller', 'Horror', 'Mystery']"
789,396535,"[28, 53, 27]","['Action', 'Thriller', 'Horror']"
790,398818,"[18, 10749]","['Drama', 'Romance']"
791,399566,"[878, 28, 14]","['Science Fiction', 'Action', 'Fantasy']"
792,399579,"[878, 28, 12]","['Science Fiction', 'Action', 'Adventure']"
793,400136,"[878, 28, 12, 16, 27, 9648]","['Science Fiction', 'Action', 'Adventure', 'Animation', 'Horror', 'Mystery']"
794,400155,"[35, 14, 16, 10751]","['Comedy', 'Fantasy', 'Animation', 'Family']"
795,400160,"[12, 35, 14, 16, 10751]","['Adventure', 'Comedy', 'Fantasy', 'Animation', 'Family']"
796,400535,"[28, 80, 53, 18]","['Action', 'Crime', 'Thriller', 'Drama']"
797,400928,"[35, 10751, 18]","['Comedy', 'Family', 'Drama']"
798,402900,"[28, 35, 80]","['Action', 'Comedy', 'Crime']"
799,404368,"[12, 35, 16, 10751]","['Adventure', 'Comedy', 'Animation', 'Family']"
800,405774,"[878, 53, 18]","['Science Fiction', 'Thriller', 'Drama']"
801,407439,"[18, 36]","['Drama', 'History']"
802,409502,[18],['Drama']
803,410113,"[35, 14, 16, 10751, 10402]","['Comedy', 'Fantasy', 'Animation', 'Family', 'Music']"
804,412117,"[12, 35, 16, 10751]","['Adventure', 'Comedy', 'Animation', 'Family']"
805,412656,[878],['Science Fiction']
806,413594,"[878, 28, 12, 14, 16, 10749]","['Science Fiction', 'Action', 'Adventure', 'Fantasy', 'Animation', 'Romance']"
807,414906,"[28, 80, 18]","['Action', 'Crime', 'Drama']"
808,417320,"[28, 12, 14, 10751, 10749, 10402, 10770]","['Action', 'Adventure', 'Fantasy', 'Family', 'Romance', 'Music', 'TV Movie']"
809,419743,"[18, 10749]","['Drama', 'Romance']"
810,420809,"[12, 14, 10751]","['Adventure', 'Fantasy', 'Family']"
811,420817,"[12, 14, 10751, 10749]","['Adventure', 'Fantasy', 'Family', 'Romance']"
812,420818,"[12, 16, 10751]","['Adventure', 'Animation', 'Family']"
813,423108,"[53, 27, 9648]","['Thriller', 'Horror', 'Mystery']"
814,424277,"[18, 10749, 10402]","['Drama', 'Romance', 'Music']"
815,424694,"[18, 36, 10402]","['Drama', 'History', 'Music']"
816,424783,"[878, 28, 12]","['Science Fiction', 'Action', 'Adventure']"
817,425134,[35],['Comedy']
818,425909,"[878, 12, 35, 14]","['Science Fiction', 'Adventure', 'Comedy', 'Fantasy']"
819,427641,[28],['Action']
820,428078,"[878, 12]","['Science Fiction', 'Adventure']"
821,429617,"[878, 28, 12]","['Science Fiction', 'Action', 'Adventure']"
822,431580,"[12, 35, 16, 10751]","['Adventure', 'Comedy', 'Animation', 'Family']"
823,431693,"[28, 12, 35, 16, 10751]","['Action', 'Adventure', 'Comedy', 'Animation', 'Family']"
824,431821,"[878, 28, 14, 16]","['Science Fiction', 'Action', 'Fantasy', 'Animation']"
825,436931,"[12, 14, 16, 10751]","['Adventure', 'Fantasy', 'Animation', 'Family']"
826,436969,"[28, 12, 14]","['Action', 'Adventure', 'Fantasy']"
827,438590,"[878, 28, 12, 10751]","['Science Fiction', 'Action', 'Adventure', 'Family']"
828,438631,"[878, 12]","['Science Fiction', 'Adventure']"
829,439079,"[53, 27, 9648]","['Thriller', 'Horror', 'Mystery']"
830,440471,[28],['Action']
831,442249,"[28, 53, 27]","['Action', 'Thriller', 'Horror']"
832,445030,"[28, 16, 18]","['Action', 'Animation', 'Drama']"
833,446893,"[12, 35, 14, 16, 10751, 10402]","['Adventure', 'Comedy', 'Fantasy', 'Animation', 'Family', 'Music']"
834,447200,"[28, 53]","['Action', 'Thriller']"
835,447332,"[878, 18, 27]","['Science Fiction', 'Drama', 'Horror']"
836,447362,"[18, 10749]","['Drama', 'Romance']"
837,447404,"[28, 12, 14]","['Action', 'Adventure', 'Fantasy']"
838,448119,"[12, 14, 10751]","['Adventure', 'Fantasy', 'Family']"
839,449406,"[35, 16, 10751]","['Comedy', 'Animation', 'Family']"
840,451048,"[28, 12, 35, 14]","['Action', 'Adventure', 'Comedy', 'Fantasy']"
841,451156,"[53, 10770]","['Thriller', 'TV Movie']"
842,453354,[18],['Drama']
843,454286,[18],['Drama']
844,454294,"[28, 12, 14, 10751]","['Action', 'Adventure', 'Fantasy', 'Family']"
845,454626,"[878, 28, 35, 10751]","['Science Fiction', 'Action', 'Comedy', 'Family']"
846,454640,"[12, 35, 16, 10751]","['Adventure', 'Comedy', 'Animation', 'Family']"
847,454699,"[35, 14, 16, 10751]","['Comedy', 'Fantasy', 'Animation', 'Family']"
848,454983,"[35, 10749]","['Comedy', 'Romance']"
849,458156,"[28, 80, 53]","['Action', 'Crime', 'Thriller']"
850,458576,"[28, 12, 14]","['Action', 'Adventure', 'Fantasy']"
851,459151,"[12, 35, 16, 10751]","['Adventure', 'Comedy', 'Animation', 'Family']"
852,460458,"[878, 28, 27]","['Science Fiction', 'Action', 'Horror']"
853,460465,"[28, 12, 14]","['Action', 'Adventure', 'Fantasy']"
854,464052,"[28, 12, 14]","['Action', 'Adventure', 'Fantasy']"
855,466282,"[35, 10749]","['Comedy', 'Romance']"
856,471506,"[53, 18, 27, 9648]","['Thriller', 'Drama', 'Horror', 'Mystery']"
857,471707,[18],['Drama']
858,474350,"[14, 27]","['Fantasy', 'Horror']"
859,475215,"[12, 14, 16, 10751, 18]","['Adventure', 'Fantasy', 'Animation', 'Family', 'Drama']"
860,475557,"[80, 53, 18]","['Crime', 'Thriller', 'Drama']"
861,476292,"[14, 16, 18, 10749]","['Fantasy', 'Animation', 'Drama', 'Romance']"
862,476669,"[28, 12, 53]","['Action', 'Adventure', 'Thriller']"
863,476968,"[18, 36]","['Drama', 'History']"
864,479455,"[878, 35]","['Science Fiction', 'Comedy']"
865,480157,[27],['Horror']
866,480414,"[53, 27]","['Thriller', 'Horror']"
867,480530,[18],['Drama']
868,481084,"[35, 16, 10751]","['Comedy', 'Animation', 'Family']"
869,481848,"[12, 10751, 18]","['Adventure', 'Family', 'Drama']"
870,482321,"[878, 35, 16, 10751]","['Science Fiction', 'Comedy', 'Animation', 'Family']"
871,482373,"[53, 27]","['Thriller', 'Horror']"
872,484718,[35],['Comedy']
873,486589,"[16, 10751, 10749]","['Animation', 'Family', 'Romance']"
874,487242,"[878, 28, 16]","['Science Fiction', 'Action', 'Animation']"
875,487297,"[35, 10749]","['Comedy', 'Romance']"
876,494407,"[12, 14, 16, 10751]","['Adventure', 'Fantasy', 'Animation', 'Family']"
877,495764,"[28, 80]","['Action', 'Crime']"
878,496243,"[35, 53, 18]","['Comedy', 'Thriller', 'Drama']"
879,497698,"[878, 28, 12]","['Science Fiction', 'Action', 'Adventure']"
880,499701,"[12, 35, 10751]","['Adventure', 'Comedy', 'Family']"
881,501929,"[878, 28, 12, 35, 16, 10751]","['Science Fiction', 'Action', 'Adventure', 'Comedy', 'Animation', 'Family']"
882,503314,"[878, 28, 16]","['Science Fiction', 'Action', 'Animation']"
883,503736,"[28, 80, 53, 27]","['Action', 'Crime', 'Thriller', 'Horror']"
884,504253,"[16, 10751, 18, 10749]","['Animation', 'Family', 'Drama', 'Romance']"
885,506574,"[12, 14, 10751, 10402, 10770]","['Adventure', 'Fantasy', 'Family', 'Music', 'TV Movie']"
886,506680,[18],['Drama']
887,507086,"[878, 28, 12, 53]","['Science Fiction', 'Action', 'Adventure', 'Thriller']"
888,508439,"[12, 35, 14, 16, 10751]","['Adventure', 'Comedy', 'Fantasy', 'Animation', 'Family']"
889,508442,"[35, 14, 16, 10751]","['Comedy', 'Fantasy', 'Animation', 'Family']"
890,508943,"[35, 14, 16, 10751]","['Comedy', 'Fantasy', 'Animation', 'Family']"
891,508947,"[35, 14, 16, 10751]","['Comedy', 'Fantasy', 'Animation', 'Family']"
892,508965,"[12, 35, 16, 10751]","['Adventure', 'Comedy', 'Animation', 'Family']"
893,509635,"[53, 27]","['Thriller', 'Horror']"
894,509967,"[28, 35, 53]","['Action', 'Comedy', 'Thriller']"
895,511987,"[28, 53, 27]","['Action', 'Thriller', 'Horror']"
896,512025,"[53, 27, 9648]","['Thriller', 'Horror', 'Mystery']"
897,512195,"[28, 35, 80, 53]","['Action', 'Comedy', 'Crime', 'Thriller']"
898,512200,"[12, 35, 14]","['Adventure', 'Comedy', 'Fantasy']"
899,513310,"[878, 28, 53]","['Science Fiction', 'Action', 'Thriller']"
900,514439,[18],['Drama']
901,516329,"[27, 9648]","['Horror', 'Mystery']"
902,518764,"[28, 12, 53, 14, 18, 9648]","['Action', 'Adventure', 'Thriller', 'Fantasy', 'Drama', 'Mystery']"
903,520763,"[878, 53, 27]","['Science Fiction', 'Thriller', 'Horror']"
904,520946,"[14, 16, 10751]","['Fantasy', 'Animation', 'Family']"
905,521029,"[53, 27, 9648]","['Thriller', 'Horror', 'Mystery']"
906,522162,"[28, 18, 36, 10752]","['Action', 'Drama', 'History', 'War']"
907,522241,"[53, 18, 36]","['Thriller', 'Drama', 'History']"
908,522402,"[878, 12, 18]","['Science Fiction', 'Adventure', 'Drama']"
909,522406,"[53, 27]","['Thriller', 'Horror']"
910,522444,"[12, 53, 27, 9648]","['Adventure', 'Thriller', 'Horror', 'Mystery']"
911,522478,"[12, 35, 14, 16, 10751]","['Adventure', 'Comedy', 'Fantasy', 'Animation', 'Family']"
912,522518,"[12, 10751, 18]","['Adventure', 'Family', 'Drama']"
913,522627,"[28, 35, 80]","['Action', 'Comedy', 'Crime']"
914,522681,"[53, 27, 9648]","['Thriller', 'Horror', 'Mystery']"
915,522931,"[28, 35, 53]","['Action', 'Comedy', 'Thriller']"
916,522938,"[28, 53, 18]","['Action', 'Thriller', 'Drama']"
917,523536,"[12, 35, 14, 16, 10751]","['Adventure', 'Comedy', 'Fantasy', 'Animation', 'Family']"
918,523931,"[878, 28, 27, 10770]","['Science Fiction', 'Action', 'Horror', 'TV Movie']"
919,524047,"[28, 53, 18]","['Action', 'Thriller', 'Drama']"
920,524216,"[14, 27]","['Fantasy', 'Horror']"
921,524251,"[80, 53, 27, 9648]","['Crime', 'Thriller', 'Horror', 'Mystery']"
922,524369,"[80, 18]","['Crime', 'Drama']"
923,524434,"[878, 28, 12, 14, 18]","['Science Fiction', 'Action', 'Adventure', 'Fantasy', 'Drama']"
924,526050,"[35, 14, 10749]","['Comedy', 'Fantasy', 'Romance']"
925,527435,"[12, 35, 14, 10751]","['Adventure', 'Comedy', 'Fantasy', 'Family']"
926,527641,"[18, 10749]","['Drama', 'Romance']"
927,527774,"[28, 12, 14, 16, 10751]","['Action', 'Adventure', 'Fantasy', 'Animation', 'Family']"
928,527776,[18],['Drama']
929,529106,"[28, 12]","['Action', 'Adventure']"
930,529203,"[12, 35, 14, 16, 10751]","['Adventure', 'Comedy', 'Fantasy', 'Animation', 'Family']"
931,531219,"[12, 35, 14, 10751, 27]","['Adventure', 'Comedy', 'Fantasy', 'Family', 'Horror']"
932,531499,"[28, 80, 18]","['Action', 'Crime', 'Drama']"
933,532067,"[12, 35, 14, 16]","['Adventure', 'Comedy', 'Fantasy', 'Animation']"
934,532321,"[12, 14, 16]","['Adventure', 'Fantasy', 'Animation']"
935,533642,[27],['Horror']
936,534338,"[18, 9648]","['Drama', 'Mystery']"
937,535845,[18],['Drama']
938,536841,[99],['Documentary']
939,537061,"[878, 14, 16, 10751, 10402, 10770]","['Science Fiction', 'Fantasy', 'Animation', 'Family', 'Music', 'TV Movie']"
940,537116,"[18, 10402]","['Drama', 'Music']"
941,537915,"[18, 10749]","['Drama', 'Romance']"
942,539885,"[28, 80, 53, 18]","['Action', 'Crime', 'Thriller', 'Drama']"
943,541524,[18],['Drama']
944,542178,"[35, 18, 10749]","['Comedy', 'Drama', 'Romance']"
945,544401,"[80, 18]","['Crime', 'Drama']"
946,545609,"[28, 53, 18]","['Action', 'Thriller', 'Drama']"
947,546554,"[35, 80, 18, 9648]","['Comedy', 'Crime', 'Drama', 'Mystery']"
948,549053,"[35, 18, 10749]","['Comedy', 'Drama', 'Romance']"
949,550205,"[35, 14, 16, 10751]","['Comedy', 'Fantasy', 'Animation', 'Family']"
950,550988,"[878, 28, 12, 35]","['Science Fiction', 'Action', 'Adventure', 'Comedy']"
951,552095,"[28, 12, 16, 10751]","['Action', 'Adventure', 'Animation', 'Family']"
952,553604,"[28, 80, 53, 18]","['Action', 'Crime', 'Thriller', 'Drama']"
953,553839,"[28, 14, 16, 10752]","['Action', 'Fantasy', 'Animation', 'War']"
954,559907,"[12, 14, 18, 27]","['Adventure', 'Fantasy', 'Drama', 'Horror']"
955,560050,"[12, 14, 16, 10751]","['Adventure', 'Fantasy', 'Animation', 'Family']"
956,560144,"[878, 28]","['Science Fiction', 'Action']"
957,565028,"[53, 27]","['Thriller', 'Horror']"
958,566525,"[28, 12, 14]","['Action', 'Adventure', 'Fantasy']"
959,567189,"[28, 53]","['Action', 'Thriller']"
960,567604,"[28, 35]","['Action', 'Comedy']"
961,567690,[18],['Drama']
962,567748,"[53, 18]","['Thriller', 'Drama']"
963,568124,"[35, 14, 16, 10751]","['Comedy', 'Fantasy', 'Animation', 'Family']"
964,568160,"[14, 16, 18, 10749]","['Fantasy', 'Animation', 'Drama', 'Romance']"
965,568620,"[28, 12]","['Action', 'Adventure']"
966,570269,"[28, 35, 14, 16]","['Action', 'Comedy', 'Fantasy', 'Animation']"
967,571891,"[28, 12, 14, 16, 10751]","['Action', 'Adventure', 'Fantasy', 'Animation', 'Family']"
968,573699,"[14, 16, 10749]","['Fantasy', 'Animation', 'Romance']"
969,574060,"[28, 80, 53]","['Action', 'Crime', 'Thriller']"
970,575088,[27],['Horror']
971,575803,[18],['Drama']
972,576004,"[35, 27]","['Comedy', 'Horror']"
973,576845,"[53, 27, 9648]","['Thriller', 'Horror', 'Mystery']"
974,577922,"[878, 28, 53]","['Science Fiction', 'Action', 'Thriller']"
975,578701,[53],['Thriller']
976,578908,[35],['Comedy']
977,579047,[878],['Science Fiction']
978,580489,"[878, 28, 12]","['Science Fiction', 'Action', 'Adventure']"
979,580532,"[80, 53, 18]","['Crime', 'Thriller', 'Drama']"
980,581389,"[878, 14, 18]","['Science Fiction', 'Fantasy', 'Drama']"
981,581392,"[28, 53, 27]","['Action', 'Thriller', 'Horror']"
982,581528,"[28, 80]","['Action', 'Crime']"
983,581644,"[28, 53]","['Action', 'Thriller']"
984,581726,"[878, 28, 53]","['Science Fiction', 'Action', 'Thriller']"
985,583083,"[35, 10749]","['Comedy', 'Romance']"
986,585216,"[53, 27, 9648]","['Thriller', 'Horror', 'Mystery']"
987,585245,"[35, 16, 10751]","['Comedy', 'Animation', 'Family']"
988,586047,"[878, 28]","['Science Fiction', 'Action']"
989,587496,[27],['Horror']
990,587807,"[35, 16, 10751]","['Comedy', 'Animation', 'Family']"
991,587996,"[28, 80, 53]","['Action', 'Crime', 'Thriller']"
992,588228,"[878, 28, 12]","['Science Fiction', 'Action', 'Adventure']"
993,588921,"[12, 14, 16, 10751]","['Adventure', 'Fantasy', 'Animation', 'Family']"
994,589761,"[12, 18, 36]","['Adventure', 'Drama', 'History']"
995,590223,"[28, 12, 35, 14]","['Action', 'Adventure', 'Comedy', 'Fantasy']"
996,590706,"[878, 28, 14]","['Science Fiction', 'Action', 'Fantasy']"
997,590995,"[14, 18, 27]","['Fantasy', 'Drama', 'Horror']"
998,591273,"[27, 9648]","['Horror', 'Mystery']"
999,591274,"[27, 9648]","['Horror', 'Mystery']"
1000,591275,"[27, 9648]","['Horror', 'Mystery']"
1001,592656,"[28, 80, 18]","['Action', 'Crime', 'Drama']"
1002,592863,"[18, 36, 10402]","['Drama', 'History', 'Music']"
1003,593910,"[35, 14, 10749]","['Comedy', 'Fantasy', 'Romance']"
1004,594328,"[878, 35, 16, 10751, 10770]","['Science Fiction', 'Comedy', 'Animation', 'Family', 'TV Movie']"
1005,594718,"[878, 18, 27]","['Science Fiction', 'Drama', 'Horror']"
1006,595280,"[53, 18, 27]","['Thriller', 'Drama', 'Horror']"
1007,595743,"[28, 53, 18]","['Action', 'Thriller', 'Drama']"
1008,597316,"[12, 35, 14, 16, 10751, 10402]","['Adventure', 'Comedy', 'Fantasy', 'Animation', 'Family', 'Music']"
1009,597433,"[80, 53, 9648]","['Crime', 'Thriller', 'Mystery']"
1010,597890,"[878, 53]","['Science Fiction', 'Thriller']"
1011,597891,"[28, 53]","['Action', 'Thriller']"
1012,600583,"[18, 37]","['Drama', 'Western']"
1013,601666,"[35, 80, 53, 18]","['Comedy', 'Crime', 'Thriller', 'Drama']"
1014,602063,"[28, 12, 18]","['Action', 'Adventure', 'Drama']"
1015,602223,"[28, 53, 27]","['Action', 'Thriller', 'Horror']"
1016,602269,"[80, 53, 18]","['Crime', 'Thriller', 'Drama']"
1017,602288,[27],['Horror']
1018,602734,"[80, 27, 9648]","['Crime', 'Horror', 'Mystery']"
1019,604360,"[53, 27, 9648]","['Thriller', 'Horror', 'Mystery']"
1020,604822,"[28, 12, 80]","['Action', 'Adventure', 'Crime']"
1021,606523,"[28, 80, 53, 18]","['Action', 'Crime', 'Thriller', 'Drama']"
1022,607259,"[35, 10751, 18]","['Comedy', 'Family', 'Drama']"
1023,607383,"[35, 27]","['Comedy', 'Horror']"
1024,609972,"[53, 27, 9648]","['Thriller', 'Horror', 'Mystery']"
1025,610253,"[53, 27]","['Thriller', 'Horror']"
1026,611489,"[27, 9648]","['Horror', 'Mystery']"
1027,613504,"[18, 10749]","['Drama', 'Romance']"
1028,614409,"[35, 18, 10749]","['Comedy', 'Drama', 'Romance']"
1029,614917,"[18, 36]","['Drama', 'History']"
1030,615457,"[28, 80, 53]","['Action', 'Crime', 'Thriller']"
1031,615658,"[878, 53, 18]","['Science Fiction', 'Thriller', 'Drama']"
1032,615665,"[35, 10749]","['Comedy', 'Romance']"
1033,615666,"[12, 14, 10751]","['Adventure', 'Fantasy', 'Family']"
1034,615677,"[28, 35, 14, 10751]","['Action', 'Comedy', 'Fantasy', 'Family']"
1035,615678,"[28, 12, 35]","['Action', 'Adventure', 'Comedy']"
1036,615982,[27],['Horror']
1037,616651,"[80, 53, 18]","['Crime', 'Thriller', 'Drama']"
1038,617502,"[28, 35]","['Action', 'Comedy']"
1039,617653,"[28, 18, 36]","['Action', 'Drama', 'History']"
1040,617708,"[53, 18, 27]","['Thriller', 'Drama', 'Horror']"
1041,618162,[37],['Western']
1042,618344,"[878, 28, 12, 14, 16]","['Science Fiction', 'Action', 'Adventure', 'Fantasy', 'Animation']"
1043,619297,[28],['Action']
1044,619778,"[53, 27, 9648]","['Thriller', 'Horror', 'Mystery']"
1045,621013,"[18, 10749]","['Drama', 'Romance']"
1046,621151,"[53, 27]","['Thriller', 'Horror']"
1047,621870,"[28, 12, 35, 14]","['Action', 'Adventure', 'Comedy', 'Fantasy']"
1048,621876,"[12, 35, 14, 10751]","['Adventure', 'Comedy', 'Fantasy', 'Family']"
1049,622855,"[14, 10751, 10402]","['Fantasy', 'Family', 'Music']"
1050,623491,"[35, 27]","['Comedy', 'Horror']"
1051,624963,"[12, 35, 14, 10751]","['Adventure', 'Comedy', 'Fantasy', 'Family']"
1052,630004,"[28, 80, 53]","['Action', 'Crime', 'Thriller']"
1053,630240,"[53, 18, 27]","['Thriller', 'Drama', 'Horror']"
1054,630586,"[53, 27]","['Thriller', 'Horror']"
1055,631132,"[28, 12, 14, 16]","['Action', 'Adventure', 'Fantasy', 'Animation']"
1056,631843,"[53, 27, 9648]","['Thriller', 'Horror', 'Mystery']"
1057,632357,[27],['Horror']
1058,632632,"[16, 18, 10749, 10402]","['Animation', 'Drama', 'Romance', 'Music']"
1059,633515,"[18, 36, 10752]","['Drama', 'History', 'War']"
1060,633802,"[53, 27, 10749]","['Thriller', 'Horror', 'Romance']"
1061,633954,"[35, 18]","['Comedy', 'Drama']"
1062,634528,"[28, 80, 53]","['Action', 'Crime', 'Thriller']"
1063,634649,"[878, 28, 12, 14]","['Science Fiction', 'Action', 'Adventure', 'Fantasy']"
1064,635302,"[28, 12, 14, 16]","['Action', 'Adventure', 'Fantasy', 'Animation']"
1065,637534,[53],['Thriller']
1066,637649,"[28, 80, 53]","['Action', 'Crime', 'Thriller']"
1067,637693,"[12, 16, 10751, 37]","['Adventure', 'Animation', 'Family', 'Western']"
1068,638134,"[12, 35, 16, 10751]","['Adventure', 'Comedy', 'Animation', 'Family']"
1069,638449,"[18, 10749]","['Drama', 'Romance']"
1070,638507,"[28, 12, 14, 16, 10751]","['Action', 'Adventure', 'Fantasy', 'Animation', 'Family']"
1071,638597,"[35, 10751]","['Comedy', 'Family']"
1072,639721,"[12, 35, 16, 10751]","['Adventure', 'Comedy', 'Animation', 'Family']"
1073,641501,"[878, 28, 12, 35, 53, 14, 9648]","['Science Fiction', 'Action', 'Adventure', 'Comedy', 'Thriller', 'Fantasy', 'Mystery']"
1074,643586,"[28, 35, 27]","['Action', 'Comedy', 'Horror']"
1075,644083,"[28, 80, 18]","['Action', 'Crime', 'Drama']"
1076,644089,[18],['Drama']
1077,644092,"[28, 12, 35, 10751]","['Action', 'Adventure', 'Comedy', 'Family']"
1078,644495,"[80, 53, 18]","['Crime', 'Thriller', 'Drama']"
1079,645710,[53],['Thriller']
1080,645788,"[28, 80, 53]","['Action', 'Crime', 'Thriller']"
1081,645856,[27],['Horror']
1082,645886,"[53, 18]","['Thriller', 'Drama']"
1083,646207,"[28, 12, 53, 18]","['Action', 'Adventure', 'Thriller', 'Drama']"
1084,647302,"[35, 27]","['Comedy', 'Horror']"
1085,649087,[53],['Thriller']
1086,649409,"[80, 18, 9648]","['Crime', 'Drama', 'Mystery']"
1087,649928,"[12, 16, 10751]","['Adventure', 'Animation', 'Family']"
1088,651571,"[878, 28]","['Science Fiction', 'Action']"
1089,652004,"[53, 27]","['Thriller', 'Horror']"
1090,653349,[35],['Comedy']
1091,654028,"[12, 35, 14, 10751]","['Adventure', 'Comedy', 'Fantasy', 'Family']"
1092,654974,"[35, 10751]","['Comedy', 'Family']"
1093,655431,"[878, 28, 80, 16]","['Science Fiction', 'Action', 'Crime', 'Animation']"
1094,656940,"[80, 53]","['Crime', 'Thriller']"
1095,657811,"[12, 10751, 18]","['Adventure', 'Family', 'Drama']"
1096,659940,"[80, 53]","['Crime', 'Thriller']"
1097,659986,"[53, 27]","['Thriller', 'Horror']"
1098,660982,[35],['Comedy']
1099,662546,"[35, 14, 10751]","['Comedy', 'Fantasy', 'Family']"
1100,662708,"[12, 16]","['Adventure', 'Animation']"
1101,663558,"[28, 14, 16]","['Action', 'Fantasy', 'Animation']"
1102,664236,"[12, 35, 16, 10751]","['Adventure', 'Comedy', 'Animation', 'Family']"
1103,664413,"[18, 10749]","['Drama', 'Romance']"
1104,664767,"[28, 14, 16]","['Action', 'Fantasy', 'Animation']"
1105,665251,"[878, 16]","['Science Fiction', 'Animation']"
1106,667141,"[35, 80, 53, 27]","['Comedy', 'Crime', 'Thriller', 'Horror']"
1107,667520,"[878, 14, 16, 18, 10749]","['Science Fiction', 'Fantasy', 'Animation', 'Drama', 'Romance']"
1108,667757,[53],['Thriller']
1109,669671,"[28, 53, 27]","['Action', 'Thriller', 'Horror']"
1110,671043,[35],['Comedy']
1111,672322,"[28, 12, 18]","['Action', 'Adventure', 'Drama']"
1112,672582,[27],['Horror']
1113,675024,[27],['Horror']
1114,675319,"[878, 53, 9648]","['Science Fiction', 'Thriller', 'Mystery']"
1115,675327,"[28, 27, 10752]","['Action', 'Horror', 'War']"
1116,675445,"[12, 35, 16, 10751]","['Adventure', 'Comedy', 'Animation', 'Family']"
1117,677638,"[12, 35, 16, 10751, 10770]","['Adventure', 'Comedy', 'Animation', 'Family', 'TV Movie']"
1118,680531,"[53, 18]","['Thriller', 'Drama']"
1119,681019,"[53, 27]","['Thriller', 'Horror']"
1120,681887,[878],['Science Fiction']
1121,682254,"[12, 35, 14, 16, 10751, 9648]","['Adventure', 'Comedy', 'Fantasy', 'Animation', 'Family', 'Mystery']"
1122,683127,"[14, 16, 10751]","['Fantasy', 'Animation', 'Family']"
1123,684281,"[18, 36]","['Drama', 'History']"
1124,689249,[99],['Documentary']
1125,691179,[99],['Documentary']
1126,698320,"[53, 27]","['Thriller', 'Horror']"
1127,703745,"[878, 28, 27]","['Science Fiction', 'Action', 'Horror']"
1128,711475,"[35, 18]","['Comedy', 'Drama']"
1129,712121,"[53, 18]","['Thriller', 'Drama']"
1130,716594,"[80, 18, 36]","['Crime', 'Drama', 'History']"
1131,716612,[18],['Drama']
1132,716703,"[878, 53, 27, 9648]","['Science Fiction', 'Thriller', 'Horror', 'Mystery']"
1133,716810,"[80, 18]","['Crime', 'Drama']"
1134,717192,"[28, 80, 18]","['Action', 'Crime', 'Drama']"
1135,718633,[18],['Drama']
1136,718867,"[16, 10751]","['Animation', 'Family']"
1137,719088,"[16, 18, 10749]","['Animation', 'Drama', 'Romance']"
1138,720026,[27],['Horror']
1139,721656,"[35, 16, 10751, 9648]","['Comedy', 'Animation', 'Family', 'Mystery']"
1140,723072,"[53, 27, 9648]","['Thriller', 'Horror', 'Mystery']"
1141,725649,"[35, 80, 18]","['Comedy', 'Crime', 'Drama']"
1142,726429,"[28, 12, 80]","['Action', 'Adventure', 'Crime']"
1143,726684,"[12, 35, 16, 10751]","['Adventure', 'Comedy', 'Animation', 'Family']"
1144,726739,"[28, 35]","['Action', 'Comedy']"
1145,726916,"[18, 10749]","['Drama', 'Romance']"
1146,727745,"[35, 10749]","['Comedy', 'Romance']"
1147,728526,"[878, 12, 53]","['Science Fiction', 'Adventure', 'Thriller']"
1148,728791,"[53, 27]","['Thriller', 'Horror']"
1149,729720,"[28, 35]","['Action', 'Comedy']"
1150,730840,"[878, 28, 12, 14, 16, 10751, 10770]","['Science Fiction', 'Action', 'Adventure', 'Fantasy', 'Animation', 'Family', 'TV Movie']"
1151,736069,"[878, 16, 10752]","['Science Fiction', 'Animation', 'War']"
1152,736073,"[28, 80, 16, 9648]","['Action', 'Crime', 'Animation', 'Mystery']"
1153,736074,"[28, 80, 16, 9648]","['Action', 'Crime', 'Animation', 'Mystery']"
1154,736509,"[878, 53, 27]","['Science Fiction', 'Thriller', 'Horror']"
1155,737568,"[28, 53]","['Action', 'Thriller']"
1156,738215,"[16, 10402]","['Animation', 'Music']"
1157,738652,"[28, 80, 53]","['Action', 'Crime', 'Thriller']"
1158,739542,"[28, 35, 14, 16, 36]","['Action', 'Comedy', 'Fantasy', 'Animation', 'History']"
1159,739990,"[14, 10751]","['Fantasy', 'Family']"
1160,740925,"[53, 27, 9648]","['Thriller', 'Horror', 'Mystery']"
1161,741074,"[35, 14, 16, 10751]","['Comedy', 'Fantasy', 'Animation', 'Family']"
1162,743439,"[16, 10751]","['Animation', 'Family']"
1163,744275,"[18, 10749]","['Drama', 'Romance']"
1164,747688,"[80, 18]","['Crime', 'Drama']"
1165,749274,"[18, 37]","['Drama', 'Western']"
1166,749618,"[16, 10751]","['Animation', 'Family']"
1167,752455,"[16, 10751]","['Animation', 'Family']"
1168,755812,"[12, 35, 16, 10751, 10770]","['Adventure', 'Comedy', 'Animation', 'Family', 'TV Movie']"
1169,756278,[27],['Horror']
1170,758879,"[35, 10751, 10749]","['Comedy', 'Family', 'Romance']"
1171,760195,[27],['Horror']
1172,760747,"[28, 35, 53, 27]","['Action', 'Comedy', 'Thriller', 'Horror']"
1173,760883,"[28, 53, 27]","['Action', 'Thriller', 'Horror']"
1174,762469,"[35, 10751]","['Comedy', 'Family']"
1175,762879,"[14, 10751]","['Fantasy', 'Family']"
1176,763025,"[28, 18]","['Action', 'Drama']"
1177,763149,"[80, 53, 18, 27]","['Crime', 'Thriller', 'Drama', 'Horror']"
1178,763152,"[35, 10749]","['Comedy', 'Romance']"
1179,763164,"[878, 28, 53]","['Science Fiction', 'Action', 'Thriller']"
1180,763240,[18],['Drama']
1181,763532,"[35, 14, 10749]","['Comedy', 'Fantasy', 'Romance']"
1182,763873,"[35, 14, 10751]","['Comedy', 'Fantasy', 'Family']"
1183,766798,[18],['Drama']
1184,767304,[28],['Action']
1185,767377,"[80, 53, 18]","['Crime', 'Thriller', 'Drama']"
1186,767504,"[53, 27]","['Thriller', 'Horror']"
1187,768147,[18],['Drama']
1188,768334,"[35, 18, 27, 9648]","['Comedy', 'Drama', 'Horror', 'Mystery']"
1189,768447,"[53, 27]","['Thriller', 'Horror']"
1190,768449,"[28, 53]","['Action', 'Thriller']"
1191,769749,"[18, 10749]","['Drama', 'Romance']"
1192,770254,"[12, 35, 16, 10751]","['Adventure', 'Comedy', 'Animation', 'Family']"
1193,774021,"[53, 27]","['Thriller', 'Horror']"
1194,774741,"[35, 16, 10751]","['Comedy', 'Animation', 'Family']"
1195,775996,"[878, 28, 53]","['Science Fiction', 'Action', 'Thriller']"
1196,776503,"[18, 10749, 10402]","['Drama', 'Romance', 'Music']"
1197,776821,"[28, 12, 80, 53]","['Action', 'Adventure', 'Crime', 'Thriller']"
1198,776909,"[35, 10749]","['Comedy', 'Romance']"
1199,778552,[18],['Drama']
1200,785457,"[35, 14, 18]","['Comedy', 'Fantasy', 'Drama']"
1201,785516,[35],['Comedy']
1202,785533,"[35, 10749]","['Comedy', 'Romance']"
1203,785538,"[80, 18]","['Crime', 'Drama']"
1204,785539,"[35, 10749]","['Comedy', 'Romance']"
1205,785545,"[35, 16, 10751]","['Comedy', 'Animation', 'Family']"
1206,785752,[53],['Thriller']
1207,786705,"[35, 18]","['Comedy', 'Drama']"
1208,787009,[27],['Horror']
1209,791373,"[878, 28, 12, 14]","['Science Fiction', 'Action', 'Adventure', 'Fantasy']"
1210,793723,"[28, 53, 18]","['Action', 'Thriller', 'Drama']"
1211,795607,"[28, 12, 14, 16]","['Action', 'Adventure', 'Fantasy', 'Animation']"
1212,796428,[27],['Horror']
1213,796499,"[28, 80, 53]","['Action', 'Crime', 'Thriller']"
1214,796849,"[53, 18, 10749]","['Thriller', 'Drama', 'Romance']"
1215,797394,"[35, 14, 16]","['Comedy', 'Fantasy', 'Animation']"
1216,800497,"[35, 27]","['Comedy', 'Horror']"
1217,802217,"[35, 10751]","['Comedy', 'Family']"
1218,802504,"[35, 10749]","['Comedy', 'Romance']"
1219,804435,"[28, 80, 53]","['Action', 'Crime', 'Thriller']"
1220,808023,"[28, 80, 53]","['Action', 'Crime', 'Thriller']"
1221,809314,"[28, 53]","['Action', 'Thriller']"
1222,809968,"[28, 53]","['Action', 'Thriller']"
1223,810873,"[35, 18, 10749]","['Comedy', 'Drama', 'Romance']"
1224,812456,[16],['Animation']
1225,813258,"[35, 14, 16]","['Comedy', 'Fantasy', 'Animation']"
1226,817451,"[28, 53]","['Action', 'Thriller']"
1227,818659,[35],['Comedy']
1228,823855,"[80, 53, 18, 9648]","['Crime', 'Thriller', 'Drama', 'Mystery']"
1229,825997,"[28, 53]","['Action', 'Thriller']"
1230,829358,[27],['Horror']
1231,831405,"[878, 28, 14, 16]","['Science Fiction', 'Action', 'Fantasy', 'Animation']"
1232,835739,[16],['Animation']
1233,841755,"[28, 14, 16]","['Action', 'Fantasy', 'Animation']"
1234,842171,"[878, 53]","['Science Fiction', 'Thriller']"
1235,843241,"[28, 16]","['Action', 'Animation']"
1236,843906,"[35, 14, 16, 10751, 9648]","['Comedy', 'Fantasy', 'Animation', 'Family', 'Mystery']"
1237,845422,[35],['Comedy']
1238,846167,"[878, 35, 80]","['Science Fiction', 'Comedy', 'Crime']"
1239,846214,"[35, 16, 10751]","['Comedy', 'Animation', 'Family']"
1240,847981,[53],['Thriller']
1241,850818,"[16, 10751, 10402]","['Animation', 'Family', 'Music']"
1242,853588,[53],['Thriller']
1243,857910,[35],['Comedy']
1244,864873,"[53, 18, 27]","['Thriller', 'Drama', 'Horror']"
1245,869623,[99],['Documentary']
1246,871964,"[35, 53, 27]","['Comedy', 'Thriller', 'Horror']"
1247,874948,"[80, 53, 18]","['Crime', 'Thriller', 'Drama']"
1248,882093,"[12, 35, 14, 10751]","['Adventure', 'Comedy', 'Fantasy', 'Family']"
1249,883648,[35],['Comedy']
1250,885110,"[18, 36, 10752]","['Drama', 'History', 'War']"
1251,887645,"[35, 10749]","['Comedy', 'Romance']"
1252,887767,"[28, 53, 37]","['Action', 'Thriller', 'Western']"
1253,888910,"[16, 36, 99]","['Animation', 'History', 'Documentary']"
1254,889300,[18],['Drama']
1255,893204,"[35, 18]","['Comedy', 'Drama']"
1256,895001,[27],['Horror']
1257,899405,"[18, 10749]","['Drama', 'Romance']"
