,movie_id,name
0,11,"['android', 'galaxy', 'hermit']"
1,12,"['parent child relationship', 'sydney, australia', 'harbor']"
2,13,"['vietnam veteran', 'hippie', 'washington dc, usa']"
3,22,"['exotic island', 'blacksmith', 'east india company']"
4,35,"['parent child relationship', 'garbage', 'pollution']"
5,58,"['witch', 'fortune teller', 'bondage']"
6,85,"['saving the world', 'riddle', 'nepal']"
7,98,"['rome, italy', 'parent child relationship', 'gladiator']"
8,105,"['clock tower', 'flying car', 'car race']"
9,106,"['guerrilla warfare', 'central and south america', 'predator']"
10,118,"['london, england', 'chocolate', 'factory worker']"
11,120,"['elves', 'dwarf', 'orcs']"
12,121,"['elves', 'dwarf', 'orcs']"
13,122,"['elves', 'dwarf', 'orcs']"
14,129,"['witch', 'parent child relationship', 'magic']"
15,155,"['dc comics', 'crime fighter', 'secret identity']"
16,162,"['underdog', 'love at first sight', 'hairdresser']"
17,176,"['detective', 'shotgun', 'sadism']"
18,189,"['detective', 'dystopia', 'dominatrix']"
19,218,"['saving the world', 'artificial intelligence', 'rebel']"
20,238,"['italy', 'loss of loved one', 'love at first sight']"
21,240,"['italy', 'italian american', 'cuba']"
22,272,"['loss of loved one', 'martial arts', 'dc comics']"
23,278,"['prison', 'corruption', 'police brutality']"
24,280,"['cyborg', 'shotgun', 'villain']"
25,285,"['exotic island', 'east india company', ""love of one's life""]"
26,310,"['christianity', 'moon', 'moses']"
27,348,"['android', 'spacecraft', 'countdown']"
28,350,"['paris, france', 'new york city', 'journalist']"
29,408,"['poison', 'dwarf', 'witch']"
30,411,"['saving the world', 'sibling relationship', 'witch']"
31,425,"['human evolution', 'loss of loved one', 'parent child relationship']"
32,440,"['predator', 'colorado', 'national guard']"
33,489,"['baseball', 'boston, massachusetts', 'professor']"
34,497,"['southern usa', 'mentally disabled', 'based on novel or book']"
35,534,"['saving the world', 'artificial intelligence', 'prophecy']"
36,550,"['based on novel or book', 'support group', 'dual identity']"
37,557,"['new york city', 'loss of loved one', 'adolescence']"
38,558,"['new york city', 'dual identity', 'secret identity']"
39,559,"['loss of loved one', 'dual identity', 'amnesia']"
40,561,"['christianity', 'angel', 'confession']"
41,585,"['monster', 'cheating', 'kidnapping']"
42,597,"['drowning', 'evacuation', 'shipwreck']"
43,603,"['saving the world', 'artificial intelligence', 'man vs machine']"
44,604,"['saving the world', 'artificial intelligence', 'man vs machine']"
45,605,"['saving the world', 'artificial intelligence', 'man vs machine']"
46,615,"['christianity', 'jewry', 'roman empire']"
47,620,"['new york city', 'library', 'mythology']"
48,630,"['witch', 'adolescence', 'based on novel or book']"
49,652,"['sibling relationship', 'adultery', 'mythology']"
50,671,"['witch', 'based on novel or book', 'magic']"
51,672,"['flying car', 'witch', 'magic']"
52,673,"['flying', 'traitor', 'magic']"
53,674,"['based on novel or book', 'magic', 'dying and death']"
54,675,"['prophecy', 'witch', 'loss of loved one']"
55,680,"['drug dealer', 'boxer', 'massage']"
56,694,"['hotel', 'montana', 'based on novel or book']"
57,756,"['orchestra', 'musical', 'classical music']"
58,767,"['witch', 'magic', 'school of witchcraft']"
59,772,"['holiday', 'new york city', 'burglar']"
60,808,"['magic', 'liberation', 'lordship']"
61,809,"['prison', 'magic', 'liberation']"
62,810,"['ambush', 'sadness', 'stage']"
63,812,"['magic', 'parrot', 'musical']"
64,841,"['prophecy', 'witch', 'based on novel or book']"
65,854,"['dual identity', 'bank', 'mockery']"
66,857,"['war crimes', 'self sacrifice', 'war veteran']"
67,862,"['martial arts', 'jealousy', 'friendship']"
68,863,"['museum', 'prosecution', 'identity crisis']"
69,920,"['car race', 'route 66', 'porsche']"
70,950,"['mammoth', 'sloth', 'ice age']"
71,953,"['africa', 'island', 'lion']"
72,1250,"['religion and supernatural', 'dying and death', ""devil's son""]"
73,1267,"['saving the world', 'flying car', 'tyrannosaurus rex']"
74,1369,"['vietnam veteran', 'helicopter', 'submachine gun']"
75,1374,"['transporter', 'loss of loved one', 'cold war']"
76,1579,"['loss of loved one', 'solar eclipse', 'slavery']"
77,1724,"['new york city', 'rio de janeiro', 'superhero']"
78,1725,"['slum', 'street gang', 'love at first sight']"
79,1726,"['middle east', 'arms dealer', 'malibu']"
80,1734,"['egypt', 'pyramid', 'mummy']"
81,1771,"['new york city', 'world war ii', 'nazi']"
82,1865,"['england', 'spain', 'sea']"
83,1893,"['prophecy', 'senate', 'queen']"
84,1930,"['loss of loved one', 'experiment', 'vigilante']"
85,2062,"['paris, france', 'sibling relationship', 'expensive restaurant']"
86,2105,"['graduation', 'innocence', 'coming of age']"
87,2109,"['martial arts', 'fbi', 'chinese mafia']"
88,2454,"['sibling relationship', 'witch', 'based on novel or book']"
89,2770,"['summer', 'beach house', 'group of friends']"
90,2978,"['new york city', 'mythology', 'slime']"
91,3170,"['loss of loved one', 'forest', 'deer']"
92,3933,"['shyness', 'england', 'cheating']"
93,4247,"['garage', 'psychopath', 'high school']"
94,4248,"['exorcism', 'haunted house', 'parody']"
95,4256,"['parody', 'vhs', 'spoof']"
96,4257,"['haunted house', 'alien life-form', 'riesen-ipod']"
97,4258,"['ballet dancer', 'sequel', 'parody']"
98,4523,"['new york city', 'poison', 'queen']"
99,4564,"['new york city', 'city portrait', 'hotel']"
100,4935,"['flying', 'witch', 'rain']"
101,5174,"['martial arts', 'ambassador', 'los angeles, california']"
102,5175,"['martial arts', 'los angeles, california', 'criminal investigation']"
103,5255,"['santa claus', 'nerd', 'faith']"
104,5559,"['factory worker', 'tennis', 'florist']"
105,6466,"['new jersey', 'sadism', 'psychopath']"
106,6477,"['pop', 'pop star', 'record producer']"
107,6479,"['saving the world', 'new york city', 'lost civilisation']"
108,6522,"['mississippi river', 'racist', 'bootlegging']"
109,7342,"['based on novel or book', 'becoming an adult', 'puberty']"
110,7443,"['chicken', 'northern england', 'freedom']"
111,7445,"['sibling relationship', 'loss of loved one', 'brother-in-law']"
112,7446,"['movie business', 'vietnam', 'satire']"
113,7485,"['philadelphia, pennsylvania', 'corruption', 'sniper']"
114,7555,"['missionary', 'river', 'boat']"
115,7980,"['rape', 'loss of loved one', 'based on novel or book']"
116,8204,"['sibling relationship', 'parent child relationship', 'fairy']"
117,8273,"['sibling relationship', 'handcuffs', 'marriage proposal']"
118,8274,"['spanner', 'hidden camera', 'marching band']"
119,8275,"['adolescence', 'virgin', 'college']"
120,8277,"['college', 'fraternity', 'debauchery']"
121,8355,"['ice age', 'bridge', 'insanity']"
122,8363,"['alcohol', 'chaos', 'nerd']"
123,8373,"['egypt', 'sun', 'chaos']"
124,8392,"['sibling relationship', 'mother', 'leave']"
125,8587,"['loss of loved one', 'lion', 'father murder']"
126,8681,"['paris, france', 'kidnapping', 'human trafficking']"
127,8871,"['holiday', 'based on novel or book', 'christmas party']"
128,8920,"['competition', 'cat', 'moderator']"
129,8922,"['monster', 'mass murder', 'brother']"
130,8960,"['flying', 'alcohol', ""love of one's life""]"
131,8961,"['miami, florida', 'ku klux klan', 'cuba']"
132,8966,"['soulmates', 'based on novel or book', 'vampire']"
133,8982,"['buddhism', 'elephant', 'sydney, australia']"
134,9021,"['holiday', 'christmas party', 'home']"
135,9023,"['freedom', 'mustang', 'rivalry']"
136,9072,"['baby', 'adoption', 'married couple']"
137,9279,"['holiday', 'husband wife relationship', 'minnesota']"
138,9286,"['beheading', 'dying and death', 'omen']"
139,9297,"['monster', 'secret', 'haunted house']"
140,9316,"['martial arts', 'thailand', 'sculpture']"
141,9323,"['artificial intelligence', 'man vs machine', 'cyborg']"
142,9325,"['based on novel or book', 'narration', 'human animal relationship']"
143,9358,"['ambulance', 'premonition', 'hospital']"
144,9373,"['trauma', 'psychopath', 'stalker']"
145,9431,"['brothel', 'vampire', 'private investigator']"
146,9444,"['czar / tsar / tzar', 'musical', 'russian revolution']"
147,9473,"['mount rushmore national memorial', 'hell', 'world supremacy']"
148,9479,"['holiday', 'fire', 'santa claus']"
149,9487,"['winter', 'fight', 'ant']"
150,9488,"['spy', 'experiment', 'island']"
151,9502,"['china', 'martial arts', 'kung fu']"
152,9532,"['airport', 'omen', 'premonition']"
153,9543,"['persia', 'sandstorm', 'brother against brother']"
154,9552,"['exorcism', 'holy water', 'religion and supernatural']"
155,9637,"['amateur detective', 'voodoo', 'resort']"
156,9702,"['street gang', 'ghetto', 'juvenile prison']"
157,9714,"['holiday', 'burglar', 'winter']"
158,9732,"['africa', 'baby', 'lion']"
159,9737,"['miami, florida', 'detective', 'handcuffs']"
160,9757,"['orphanage', 'overweight woman']"
161,9763,"['restaurant', 'sports', 'coach']"
162,9769,"['based on novel or book', 'jealousy', 'secret']"
163,9806,"['secret identity', 'secret', 'hero']"
164,9820,"['california', 'twin sister', 'summer camp']"
165,9836,"['ocean', 'fish', 'zoo']"
166,9902,"['life and death', 'loss of loved one', 'mountain']"
167,9904,"['new york city', 'africa', 'lion']"
168,9948,"['fox', 'dog']"
169,10009,"['sibling relationship', 'grizzly bear', 'inuit']"
170,10020,"['prince', 'castle', 'rose']"
171,10054,"['sibling relationship', 'loss of loved one', 'double life']"
172,10073,"['date', 'diary', 'parents-in-law']"
173,10112,"['paris, france', 'cat', 'butler']"
174,10137,"['sibling relationship', 'based on novel or book', 'cat']"
175,10138,"['technology', 'malibu', 'superhero']"
176,10140,"['based on novel or book', 'lion', 'magic']"
177,10144,"['sea', 'fireworks', 'prince']"
178,10184,"['based on novel or book', 'baltimore, usa', 'dating']"
179,10191,"['flying', 'blacksmith', 'arena']"
180,10192,['ogre']
181,10193,"['hostage', 'college', 'escape']"
182,10195,"['new mexico', 'banishment', 'superhero']"
183,10196,"['fire', 'war ship', 'prince']"
184,10198,"['new orleans, louisiana', 'voodoo', 'kiss']"
185,10201,"['bungee-jump', 'scooter']"
186,10202,"['wishes come true', 'escapade', 'disorder']"
187,10340,"['cat', 'spaghetti', 'lover (female)']"
188,10358,"['pornography', ""love of one's life"", 'platonic love']"
189,10386,"['based on novel or book', 'small town', 'self sacrifice']"
190,10501,"['gold', 'horse', 'musical']"
191,10521,"['bride', 'friendship', 'engagement']"
192,10527,"['africa', 'jealousy', 'dance']"
193,10555,"['fish', 'hero', 'mission of murder']"
194,10567,"['cataclysm', 'asteroid', 'migration']"
195,10585,"['chicago, illinois', 'gun', 'birthday']"
196,10588,"['sibling relationship', 'cat', 'boredom']"
197,10591,"['porn actor', 'pornographic video', 'high school']"
198,10607,"['date', 'slang', 'hip-hop']"
199,10625,"['female friendship', 'high school', 'coming of age']"
200,10674,"['china', 'homeland', 'villain']"
201,10681,"['garbage', 'space travel', 'dystopia']"
202,10693,"['flying', 'sibling relationship', 'becoming an adult']"
203,10719,"['holiday', 'elves', 'dwarf']"
204,10764,"['killing', 'undercover', 'secret agent']"
205,10781,"['mass murder', 'chain saw', 'sadism']"
206,10867,"['sicily, italy', 'jealousy', 'world war ii']"
207,10882,"['sleep', 'magic', 'fairy']"
208,10895,"['italy', 'child abuse', 'sea']"
209,10948,"['based on novel or book', 'fox', 'friendship']"
210,10996,"['mouse', 'falcon', 'friendship']"
211,11036,"['poem', 'river', 'sadness']"
212,11186,"['factory', 'foster parents', 'voodoo']"
213,11187,"['recruit', 'voodoo', 'evil doll']"
214,11224,"['loss of loved one', 'based on novel or book', 'mouse']"
215,11249,"['baby', 'voodoo', 'evil doll']"
216,11283,"['loss of loved one', 'nanny', 'education']"
217,11322,"['gangster', 'machinegun', 'prison guard']"
218,11324,"['based on novel or book', 'island', 'hurricane']"
219,11351,"['parent child relationship', 'monster', 'scarecrow']"
220,11360,"['circus', 'mother', 'dream']"
221,11395,"['holiday', 'chicago, illinois', 'christmas party']"
222,11397,"['underdog', 'cheerleader', 'kiss']"
223,11430,"['africa', 'lion', 'pig']"
224,11544,"['sibling relationship', 'extraterrestrial technology', 'hawaii']"
225,11631,"['single parent', 'parent child relationship', 'greece']"
226,11674,"['london, england', 'fur', 'fashion designer']"
227,11688,"['central and south america', 'birthday', 'emperor']"
228,11699,"['gambling', 'corruption', 'police brutality']"
229,11836,"['ocean', 'sea', 'falsely accused']"
230,11918,"['anti hero', 'high school', 'dragonfly']"
231,11932,"['voodoo', 'route 66', 'evil doll']"
232,11970,"['hades', 'musical', 'peasant']"
233,12092,"['cat', 'dream', 'queen']"
234,12153,"['undercover', 'fbi', 'fish out of water']"
235,12222,"['elephant', 'rescue', 'jungle']"
236,12230,"['london, england', 'puppy', 'dog']"
237,12242,"['arranged marriage', 'musical', 'escape']"
238,12244,"['man vs machine', 'hope', 'post-apocalyptic future']"
239,12279,"['video game', 'artificial intelligence', 'liberation']"
240,12429,"['mother', 'fish', 'cliff']"
241,12444,"['corruption', 'isolation', 'radio']"
242,12445,"['self sacrifice', 'magic', 'sorcerer']"
243,12536,"['holiday', 'burglar', 'fight']"
244,12556,"['womanizer', 'love', 'wedding']"
245,13002,"['sibling relationship', 'dance', 'princess']"
246,13053,"['hamster', 'human animal relationship', 'animal']"
247,13179,"['to tinker', 'fairy', 'spring']"
248,13186,"['competition', 'dynamite', 'forest']"
249,13377,"['holiday', 'based on novel or book', 'monster']"
250,13394,"['holiday', 'based on novel or book', 'cat']"
251,13448,"['rome, italy', 'vatican', 'based on novel or book']"
252,13459,['based on toy']
253,13475,"['san francisco, california', 'spacecraft', 'teleportation']"
254,13596,"['date', 'friendship', 'insult']"
255,13654,"['london, england', 'puppy', 'sequel']"
256,13673,"['holiday', 'chicago, illinois', 'based on novel or book']"
257,13688,"['little boy', 'ufo', 'extraterrestrial']"
258,13767,"['holiday', 'santa claus', 'sequel']"
259,13811,"['cataclysm', 'code', 'end of the world']"
260,13971,"['diving', 'england', 'boarding school']"
261,14128,"['magic', 'fairy', 'musical']"
262,14160,"['age difference', 'central and south america', 'balloon']"
263,14161,"['civilization', 'earthquake', 'race against time']"
264,14199,"['imaginary friend', 'outcast', 'shark']"
265,14248,"['experiment', 'mad scientist', 'henchman']"
266,14306,"['journalist', 'based on novel or book', 'puppy']"
267,14405,"['dog dirt', 'chihuahua', 'pinata']"
268,14442,"['elves', 'based on novel or book', 'magic']"
269,14560,"['security guard', 'duringcreditsstinger']"
270,14836,"['dream', 'eye', 'stop motion']"
271,14869,"['terrorist', 'secret', 'hostage']"
272,15015,"['based on toy', 'based on fairy tale']"
273,15092,"['prostitute', 'horse race', 'heart']"
274,15165,"['musical', 'based on toy']"
275,15255,['jail']
276,16119,"['magic', 'fairy', 'prince']"
277,16290,"['pain', 'stunt', 'stuntman']"
278,16366,"['bible', 'faith', 'ancient egypt']"
279,16523,"['creature', ""based on children's book"", ""children's book""]"
280,16577,"['hero', 'future', 'superhero']"
281,16869,"['paris, france', 'guerrilla warfare', 'self sacrifice']"
282,16995,"['corruption', 'assassination', 'detective']"
283,16996,"['fake identity', 'high school', 'bullying']"
284,17134,"['police', 'cop', 'revenge']"
285,17445,"['dc comics', 'superhero', 'super power']"
286,17610,"['temple', 'slavery', 'stone age']"
287,17654,"['slum', 'street gang', 'mutation']"
288,17979,"['holiday', 'london, england', 'based on novel or book']"
289,18126,"['countryside', 'double life', 'pop star']"
290,18239,"['moon', 'based on novel or book', 'vampire']"
291,18240,"['fictitious marriage', 'deportation', 'immigration law']"
292,18360,"['museum', 'duringcreditsstinger', 'amelia earhart']"
293,18785,"['blackjack', 'stag night', 'hangover']"
294,18823,"['hades', 'mythology', 'greek mythology']"
295,19458,"['parent child relationship', 'secret identity', 'island']"
296,19840,"['based on novel or book', 'virgin', 'cheerleader']"
297,19899,"['island', 'married couple', 'tahiti']"
298,19908,"['circus', 'sibling relationship', 'washington dc, usa']"
299,19912,"['car race', 'dying and death', 'plan']"
300,19913,"['date', 'jealousy', 'fight']"
301,19994,"['minnesota', 'high school', 'sexual murder']"
302,19995,"['culture clash', 'future', 'space war']"
303,20048,"['new york city', 'based on novel or book', 'shop']"
304,20352,"['parent child relationship', 'adoptive father', 'orphanage']"
305,20453,"['suicide', 'suicide attempt', 'college']"
306,20526,"['artificial intelligence', 'secret identity', 'simulation']"
307,20533,"['gunslinger', 'dc comics', 'hell']"
308,20662,"['robin hood', 'archer', 'knight']"
309,20829,"['male friendship', 'comedian', 'cancer']"
310,20943,"['surgeon', 'sexism', 'romantic comedy']"
311,21191,"['street gang', 'rape', 'river']"
312,21208,"['nun', 'deaf-mute', 'orphan']"
313,22794,"['inventor', 'weather', 'food']"
314,22803,"['bomb', 'philadelphia, pennsylvania', 'secret passage']"
315,22832,"['assassination', 'assassin', 'ninja fighter']"
316,22881,"['american football', 'adoption', 'education']"
317,22894,"['angel', 'diner', 'religion']"
318,23023,"['fairy', 'ice hockey', 'tooth fairy']"
319,23047,"['inquisition', 'monk', 'ambush']"
320,23168,"['based on novel or book', 'money laundering', 'ambulance']"
321,23172,['duringcreditsstinger']
322,23398,"['chipmunk', 'aftercreditsstinger', 'duringcreditsstinger']"
323,23483,"['crime fighter', 'secret identity', 'hero']"
324,23629,"['brothel', 'asylum', 'escape']"
325,23631,"['loss of loved one', 'illegal immigration', 'border patrol']"
326,23823,"['sheriff', 'river', 'penitentiary']"
327,23827,"['haunting', 'psychic', 'entity']"
328,23988,"['halloween', 'slapstick', 'parody']"
329,24021,"['based on novel or book', 'vampire', 'graduation']"
330,24122,"['new york city', 'infidelity', 'nanny']"
331,24418,"['based on novel or book', 'vampire', 'spider']"
332,24428,"['new york city', 'shield', 'superhero']"
333,25475,"['friendship', ""based on children's book"", 'anger issues']"
334,25769,"['beach', 'infection', 'survival']"
335,26123,"['high school', 'teen comedy', 'teenage sexuality']"
336,26389,"['paris, france', 'cia', 'undercover']"
337,27205,"['paris, france', 'spy', 'philosophy']"
338,27576,"['assassination', 'spy', 'cia']"
339,27578,"['tattoo', 'martial arts', 'sniper']"
340,27581,"['narration', 'fire engine', 'buddy cop']"
341,27584,"['university', 'drugs', 'aftercreditsstinger']"
342,28510,"['terrorist', 'dynamite', 'hostage']"
343,32657,"['based on novel or book', 'monster', 'greek mythology']"
344,33217,"['cheese', 'coming of age', 'young boy']"
345,33273,"['prison cell', 'penitentiary', 'prison guard']"
346,34134,"['beach', 'surfboard', 'atlantis']"
347,34544,"['war crimes', 'military court', 'military service']"
348,34813,"['hospital', 'black ops']"
349,34851,"['hunter', 'predator', 'yakuza']"
350,36557,"['italy', 'poker', 'casino']"
351,36647,"['martial arts', 'hero', 'vampire']"
352,37135,"['africa', 'gorilla', 'baby']"
353,37169,"['kidnapping', 'surgeon', 'body mutilation']"
354,37430,"['witch', 'sword', 'magic']"
355,37645,"['based on novel or book', 'cemetery', 'kidnapping']"
356,37686,"['1970s', 'secret', 'alien']"
357,37710,"['paris, france', 'hotel', 'fake identity']"
358,37724,"['spy', 'secret agent', 'sociopath']"
359,37735,"['small town', 'lie', 'high school']"
360,37786,"['female friendship', 'vacation', 'travel']"
361,37797,"['italy', 'library', 'cat']"
362,37834,"['spy', 'airport', 'gas station']"
363,38055,"['saving the world', 'date', 'prison']"
364,38234,"['prison', 'showdown', 'shotgun']"
365,38322,"['undercover', 'fbi', 'sequel']"
366,38365,"['overweight', 'friendship', 'swing']"
367,38408,"['loss of loved one', 'baby', 'godmother']"
368,38575,"['martial arts', 'duringcreditsstinger', 'karate kid']"
369,38700,"['detective', 'police', 'sequel']"
370,38757,"['hostage', 'magic', 'horse']"
371,39254,"['parent child relationship', 'fight', 'future']"
372,39323,"['precognition', 'alien', 'based on manga']"
373,39513,"['san diego, california', 'alien', 'area 51']"
374,41154,"['time travel', 'time machine', 'alien']"
375,41630,"['parent child relationship', 'casual meeting', 'student of medicine']"
376,41965,"['nightmare', 'lighthouse', 'disabled child']"
377,42194,"['martial arts', 'dystopia', 'based on video game']"
378,42246,"['car race', 'cartoon', 'parody']"
379,42684,"['missile', 'light', 'transformation']"
380,42889,"['loss of virginity', 'teenage boy', 'teen comedy']"
381,43074,"['female friendship', 'ghost hunting', 'reboot']"
382,43347,"['letter', 'love', 'viagra']"
383,43539,"['passport', 'murder', 'argument']"
384,43549,"['experiment', 'psychological thriller']"
385,43947,"['rape', 'fondling', 'remake']"
386,43949,"['shyness', 'based on novel or book', 'unrequited love']"
387,43959,"['based on novel or book', 'depression', 'beach']"
388,44263,"['martial arts', 'mutant', 'circus troupe']"
389,44571,"['nurse', 'prophecy', 'cia']"
390,44683,"['london, england', 'flying', 'countryside']"
391,44874,"['magic', 'based on toy', 'fashion']"
392,44896,"['sheriff', 'nevada', 'hero']"
393,44912,"['dc comics', 'transformation', 'superhero']"
394,44943,"['saving the world', 'hero', 'marine corps']"
395,45243,"['interpol', 'undercover cop', 'hangover']"
396,45610,['duringcreditsstinger']
397,45612,"['bomb', 'identity', 'bomber']"
398,45781,['woman director']
399,46195,"['pet', 'carnival', 'parrot']"
400,46528,"['assassin', 'small town', 'forest']"
401,47933,"['alien', 'alien invasion']"
402,47964,"['bomb', 'cia', 'russia']"
403,47971,"['tattoo', 'spy', 'extreme sports']"
404,48138,"['taxi', 'hotel', 'coma']"
405,48340,"['expedition', 'cave', 'based on a true story']"
406,49013,"['car race', 'sequel', 'anthropomorphism']"
407,49018,"['medium', 'evil spirit', 'house warming']"
408,49021,"['mexico', 'assassin', 'based on novel or book']"
409,49026,"['dc comics', 'crime fighter', 'terrorist']"
410,49051,"['riddle', 'elves', 'dwarf']"
411,49444,"['martial arts', 'kung fu', 'hope']"
412,49519,"['parent child relationship', 'stone age', 'daughter']"
413,49520,"['jealousy', 'chance', 'wish']"
414,49521,"['saving the world', 'dc comics', 'places and planets']"
415,49529,"['based on novel or book', 'planet mars', 'medallion']"
416,49530,"['bank', 'future', 'time']"
417,49849,"['robbery', 'sheriff', 'spacecraft']"
418,50544,"['jealousy', 'friendship', 'love']"
419,50546,"['beach', 'fictitious marriage', 'blackmail']"
420,50619,"['based on novel or book', 'vampire', 'hybrid']"
421,50620,"['based on novel or book', 'vampire', 'romance']"
422,51608,"['child labour', 'martial arts', 'assassin']"
423,51620,"['car race', 'virgin', 'parachute']"
424,51876,"['new york city', 'medicine', 'politician']"
425,52520,"['experiment', 'vampire', 'daughter']"
426,53182,"['based on graphic novel', 'ancient greece', 'duringcreditsstinger']"
427,55301,"['sequel', 'chipmunk', 'cruise ship']"
428,55779,"['premonition', 'accidental death', 'crash']"
429,55846,"['london, england', 'based on novel or book', 'homophobia']"
430,56292,"['submarine', 'prison', 'spy']"
431,57158,"['elves', 'dwarf', 'orcs']"
432,57165,"['underworld', 'hades', 'mythology']"
433,57201,"['texas', 'horse', 'texas ranger']"
434,57214,"['birthday', 'birthday party', 'high school']"
435,57737,"['fairy', 'based on toy', 'female protagonist']"
436,57800,"['seal (animal)', 'prehistoric times', 'melting ice']"
437,58233,"['buddhist monk', 'cooking', 'prime minister']"
438,58574,"['paris, france', 'london, england', 'detective inspector']"
439,58595,"['queen', 'magic', 'imprisonment']"
440,58857,"['japan', 'suicide', 'assassin']"
441,59108,"['new york city', 'skyscraper', 'fbi']"
442,59440,"['bank', 'training', 'beating']"
443,59859,"['crime fighter', 'secret identity', 'superhero']"
444,59967,"['suicide', 'assassin', 'drug addiction']"
445,60304,"['witch', 'gun', 'black magic']"
446,60307,"['based on novel or book', 'sibling rivalry', 'middle school']"
447,60747,"['sibling relationship', 'guerrilla warfare', 'fight']"
448,61791,"['intelligence', 'zoo', 'cage']"
449,61979,"['rebel', 'based on novel or book', 'forbidden love']"
450,62177,"['scotland', 'rebel', 'bravery']"
451,62206,"['pizza delivery', 'pizza boy', 'aftercreditsstinger']"
452,62211,"['monster', 'training camp', 'dormitory']"
453,62835,"['street gang', 'uncle', 'female assassin']"
454,63311,"['madrid, spain', 'based on novel or book', 'mask']"
455,64635,"['secret agent', 'dystopia', 'remake']"
456,64688,"['drug dealer', 'male friendship', 'investigation']"
457,64690,"['car mechanic', 'stuntman', 'revenge']"
458,65291,"['dc comics', 'superhero', 'based on comic']"
459,68718,"['bounty hunter', 'hero', 'plantation']"
460,68721,"['california', 'war on terror', 'tennessee']"
461,68724,"['future', 'dystopia', 'space station']"
462,68726,"['monster', 'dystopia', 'pacific']"
463,68735,"['video game', 'elves', 'orcs']"
464,68737,"['based on novel or book', 'magic', 'chosen one']"
465,70160,"['based on novel or book', 'revolution', 'dystopia']"
466,70981,"['android', 'space', 'alien']"
467,71552,"['husband wife relationship', 'sequel', 'family reunion']"
468,71672,"['motel', 'asylum', 'forest']"
469,71676,"['monk', 'eastern europe', 'skeleton']"
470,71880,"['thanksgiving', 'los angeles, california', 'family']"
471,72105,"['dream', 'friendship', 'love']"
472,72190,"['philadelphia, pennsylvania', 'new jersey', 'based on novel or book']"
473,72331,"['usa president', 'vampire', 'steam locomotive']"
474,72431,"['world war ii', 'fighter pilot', 'u.s. air force']"
475,72545,"['giant lizard', 'mission', 'missing person']"
476,72571,"['sibling relationship', 'witch', 'family secrets']"
477,73456,"['princess', 'based on toy', 'school']"
478,74513,"['journalist', 'kidnapping', 'afghanistan']"
479,74998,"['assassin', 'fugitive', 'playing chess']"
480,75174,"['wolf', 'alaska', 'airplane crash']"
481,75258,"['winter', 'fairy', 'fairy tale']"
482,75656,"['paris, france', 'new york city', 'bank']"
483,75780,"['detective', 'based on novel or book', 'sniper']"
484,76163,"['loss of loved one', 'airplane', 'airplane crash']"
485,76285,"['poison', 'sea', 'based on novel or book']"
486,76338,"['superhero', 'based on comic', 'hostile takeover']"
487,76341,"['future', 'chase', 'post-apocalyptic future']"
488,76489,['duringcreditsstinger']
489,76492,"['hotel', 'witch', 'magic']"
490,76600,"['sequel', 'alien planet', 'avatar']"
491,76726,"['flying', 'seattle, usa', 'telekinesis']"
492,76757,"['jupiter', 'space', 'space opera']"
493,77338,"['male friendship', 'masseuse', 'friendship']"
494,77866,"['smuggling (contraband)', 'head wound', 'criminal']"
495,78215,"['norway', 'winter', 'world war ii']"
496,80035,"['sterility', 'castration', 'marriage']"
497,80321,"['circus', 'lion', 'zoo']"
498,80389,"['prison', 'mexico', 'vacation']"
499,81005,"['based on fairy tale', 'giant']"
500,81188,"['new york city', 'amnesia', 'dream']"
501,81796,"['usa president', 'anti hero', 'dementia']"
502,82633,"['based on novel or book', 'prohibition era', 'brother']"
503,82650,"['best friend', 'summer', ""based on children's book""]"
504,82675,"['fbi', 'kidnapping', 'turkey']"
505,82690,"['support group', 'product placement', 'bullying']"
506,82700,['dystopia']
507,82702,"['loss of loved one', 'parent child relationship', 'husband wife relationship']"
508,84226,"['post-apocalyptic future', 'dystopia', 'survival']"
509,86130,"['competition', 'olympic games', 'magic']"
510,86331,"['france', 'sexuality', 'sexual fantasy']"
511,87101,"['saving the world', 'artificial intelligence', 'cyborg']"
512,87421,"['mercenary', 'dystopia', 'revenge']"
513,87428,"['infidelity', 'incest', 'deadbeat dad']"
514,87818,"['california', 'slapstick', 'anthology']"
515,91314,"['music video', 'sequel', 'alien']"
516,91342,"['mermaid', 'princess', 'based on toy']"
517,93456,"['parent child relationship', 'adoptive father', 'secret agent']"
518,98566,"['new york city', 'martial arts', 'terrorist']"
519,99861,"['artificial intelligence', 'sequel', 'superhero']"
520,100042,"['friendship', 'road trip', 'sequel']"
521,100402,"['washington dc, usa', 'future', 'shield']"
522,101299,"['based on novel or book', 'secret', 'television']"
523,102382,"['obsession', 'experiment', 'sequel']"
524,102651,"['fairy', 'fairy tale', 'villain']"
525,102899,"['ant', 'shrinking', 'superhero']"
526,105864,"['tyrannosaurus rex', 'friendship', 'cartoon']"
527,105965,"['family', 'cachorros']"
528,106646,"['corruption', 'drug addiction', 'anti hero']"
529,107846,"['prison', 'prisoner', 'ship']"
530,109418,"['journey in the past', 'friendship', 'past']"
531,109439,"['nevada', 'reno, nevada', 'sequel']"
532,109445,"['queen', 'magic', 'musical']"
533,109451,"['inventor', 'food', 'scientist']"
534,109689,"['rebel', 'based on novel or book', 'friendship']"
535,110415,"['child labour', 'parent child relationship', 'brothel']"
536,110420,"['wolf', 'forest', 'growing up']"
537,116711,"['daughter', 'forest', 'father']"
538,117251,"['the white house', 'usa president', 'conspiracy']"
539,117263,"['washington dc, usa', 'the white house', 'usa president']"
540,118340,"['spacecraft', 'based on comic', 'space']"
541,119283,"['florida', 'real estate agent', 'professional thief']"
542,119450,"['leader', 'colony', 'post-apocalyptic future']"
543,119698,"['africa', 'helicopter', 'congo']"
544,122917,"['corruption', 'elves', 'dwarf']"
545,123553,"['angel', 'based on novel or book', 'vampire']"
546,124905,"['japan', 'san francisco, california', 'monster']"
547,125509,"['small town', 'mutant', 'halloween']"
548,126889,"['android', 'spacecraft', 'experiment']"
549,127585,"['1970s', 'mutant', 'time travel']"
550,131631,"['based on novel or book', 'resistance', 'post-apocalyptic future']"
551,131634,"['based on novel or book', 'revolution', 'strong woman']"
552,133121,"['biological weapon', 'political instability', 'dystopia']"
553,134374,"['miami, florida', 'scam', 'weight lifting']"
554,135397,"['dna', 'tyrannosaurus rex', 'velociraptor']"
555,136400,"['undercover', 'undercover agent', 'based on comic']"
556,136418,"['london, england', 'homeless person', 'chinese mafia']"
557,136795,"['boston, massachusetts', 'fbi', 'police']"
558,136797,"['competition', 'street race', 'super cars']"
559,136799,"['based on toy', 'troll']"
560,137113,"['deja vu', 'time warp', 'restart']"
561,138103,"['cia', 'arms dealer', 'sequel']"
562,138843,"['sibling relationship', '1970s', 'cellar']"
563,139038,"['ghostbuster', 'haunted house', 'parody']"
564,140300,"['china', 'martial arts', 'kung fu']"
565,140607,"['android', 'spacecraft', 'space opera']"
566,141052,"['dc comics', 'superhero', 'based on comic']"
567,146216,"['paris, france', 'london, england', 'england']"
568,147441,"['moses', 'bible', 'epic']"
569,150540,"['san francisco, california', 'minnesota', 'dream']"
570,150689,"['magic', 'prince', 'fairy tale']"
571,153518,"['island', 'pig', 'rivalry']"
572,156022,"['corruption', 'call girl', 'assassin']"
573,156717,"['sequel', 'street race']"
574,157336,"['artificial intelligence', 'nasa', 'spacecraft']"
575,157350,"['based on novel or book', 'future', 'dystopia']"
576,158015,"['california', 'dystopia', 'barricade']"
577,159824,"['transylvania', 'hotel', 'witch']"
578,166424,"['teleportation', 'transformation', 'telekinesis']"
579,166426,"['sea', 'ship', 'sequel']"
580,166428,"['flying', 'based on novel or book', 'overpopulation']"
581,167032,"['wheelchair', 'voodoo', 'horror']"
582,168259,"['car race', 'speed', 'street race']"
583,169209,"['heist', 'armored truck']"
584,169917,"['new york city', 'based on novel or book', 'murder']"
585,171581,['terrorist']
586,172385,"['sequel', 'travel', 'jungle']"
587,174772,"['jupiter', 'spacecraft', 'extraterrestrial life form']"
588,175112,"['fairy', 'fairy tale', 'pirate']"
589,177572,"['sibling relationship', 'san francisco, california', 'martial arts']"
590,179826,"['small town', 'supernatural', 'horror']"
591,181808,"['bunker', 'space battle', 'failure']"
592,181812,['space opera']
593,184315,"['killing', 'mercenary', 'past']"
594,184345,"['exorcism', 'haunted house', 'evil doll']"
595,187017,"['high school', 'undercover cop', 'buddy cop']"
596,190859,"['based on novel or book', 'sniper', 'biography']"
597,193893,"['corruption', 'robbery', 'kidnapping']"
598,198184,"['artificial intelligence', 'android', 'future']"
599,198663,"['based on novel or book', 'maze', 'post-apocalyptic future']"
600,200085,"['police', 'flu', 'quarantine']"
601,200727,"['based on novel or book', 'friendship', 'best friend']"
602,201088,"['terrorist', 'technology', 'anti hero']"
603,205126,"['spacecraft', 'ufo', 'extraterrestrial']"
604,205584,"['egypt', 'underworld', 'fight']"
605,206647,"['spy', 'based on novel or book', 'secret agent']"
606,207703,"['spy', 'great britain', 'secret organization']"
607,209112,"['dc comics', 'vigilante', 'superhero']"
608,210577,"['based on novel or book', 'infidelity', 'wife']"
609,214756,"['sperm bank', 'sequel', 'buddy']"
610,216015,"['based on novel or book', 'eroticism', 'bad smell']"
611,222935,"['amsterdam, netherlands', 'based on novel or book', 'support group']"
612,223702,"['supermarket', 'parody', 'sausage']"
613,225886,"['marriage', 'internet', 'relationship']"
614,227348,"['supernatural', 'possession', 'demon']"
615,227719,"['time travel', 'time machine', 'found footage']"
616,227859,['old testament']
617,227973,"['based on comic', 'red baron', 'family']"
618,228150,"['ambush', 'europe', 'hero']"
619,228161,"['spacecraft', 'space', 'alien']"
620,228165,"['ocean', 'sea', 'spongebob']"
621,228326,"['love triangle', 'mexico', 'afterlife']"
622,232672,"['africa', 'blind date', 'relationship']"
623,238636,"['bus', 'assault rifle', 'sniper']"
624,240832,"['artificial intelligence', 'telepathy', 'intelligence']"
625,241259,"['based on novel or book', 'clock', 'queen']"
626,242582,"['journalism', 'underground', 'job interview']"
627,244786,"['new york city', 'jazz', 'obsession']"
628,245891,"['hitman', 'gangster', 'russian mafia']"
629,246655,"['hero', 'mutant', 'superhero']"
630,249070,"['assassin', 'secret identity', 'intelligence']"
631,250546,"['prequel', 'evil doll', 'killer doll']"
632,254128,"['california', 'earthquake', 'tidal wave']"
633,256591,"['seduction', 'con man', 'illusion']"
634,257344,"['new york city', 'video game', 'nerd']"
635,257346,"['superhero', 'based on comic']"
636,257445,"['based on novel or book', 'magic', 'werewolf']"
637,259316,"['new york city', 'robbery', 'magic']"
638,259693,"['london, england', 'england', '1970s']"
639,260346,"['revenge', 'murder', 'on the run']"
640,260513,"['married couple', 'cartoon', 'sequel']"
641,260514,"['trainer', 'sequel', 'travel']"
642,262500,"['based on novel or book', 'revolution', 'dystopia']"
643,262504,"['based on novel or book', 'revolution', 'dystopia']"
644,263115,"['cyborg', 'experiment', 'self-destruction']"
645,263472,"['disc jockey', 'infidelity', 'rain']"
646,264419,['chicken']
647,265208,"['gambling', 'bodyguard', 'remake']"
648,268896,"['monster', 'damage', 'army']"
649,269149,"['allegory', 'lion', 'hippopotamus']"
650,270771,"['post-apocalyptic future', 'revenge', 'murder']"
651,270946,"['spy', 'wolf', 'zoo']"
652,271110,"['civil war', 'sequel', 'superhero']"
653,273477,"['shotgun', 'camping', 'campsite']"
654,273481,"['bomb', 'mexico', 'cia']"
655,274854,"['new york city', 'witch', 'uprising']"
656,274855,"['artificial intelligence', 'future', 'weather manipulation']"
657,276907,"['gangster', 'biography', 'based on a true story']"
658,277216,"['sibling relationship', 'aids', 'police brutality']"
659,277217,"['witch', 'magic', 'fairy tale']"
660,278154,"['fire', 'mammoth', 'fireworks']"
661,278924,"['assassin', 'sequel', 'murder']"
662,280002,"['apocalypse', 'wedding', 'end of times']"
663,281338,"['based on novel or book', 'sequel', 'anthropomorphism']"
664,281957,"['rape', 'based on novel or book', 'parent child relationship']"
665,283366,"['wales', 'shapeshifting', 'falcon']"
666,283566,"['technology', 'dystopia', 'mecha']"
667,283995,"['sequel', 'superhero', 'based on comic']"
668,284052,"['magic', 'time', 'training']"
669,284053,"['sequel', 'superhero', 'based on comic']"
670,284054,"['africa', 'superhero', 'based on comic']"
671,286217,"['based on novel or book', 'planet mars', 'nasa']"
672,287903,"['fire', 'winter', 'santa claus']"
673,287947,"['philadelphia, pennsylvania', 'dc comics', 'secret identity']"
674,287948,"['transporter', 'sequel', 'bank heist']"
675,289720,"['asia', 'emperor', 'crusade']"
676,290859,"['artificial intelligence', 'cyborg', 'helicopter']"
677,291805,"['magic', 'secret society', 'illusion']"
678,291870,"['grandparent grandchild relationship', 'grandfather', 'road trip']"
679,293167,"['vietnam veteran', '1970s', 'monster']"
680,293660,"['anti hero', 'mercenary', 'superhero']"
681,294254,"['based on novel or book', 'resistance', 'maze']"
682,295830,"['monster', 'based on manga', 'extinction']"
683,296096,"['england', 'based on novel or book', 'depression']"
684,297270,"['fairy', 'fairy tale', 'tinkerbell']"
685,297761,"['dc comics', 'anti hero', 'secret mission']"
686,297762,"['dc comics', 'hero', 'greek mythology']"
687,297802,"['dc comics', 'hero', 'atlantis']"
688,298115,"['based on novel or book', 'tournament', 'dragon']"
689,299534,"['space travel', 'time travel', 'time machine']"
690,299536,"['magic', 'sacrifice', 'superhero']"
691,299537,"['superhero', 'based on comic', 'alien invasion']"
692,300669,"['kidnapping', 'thief', 'blind']"
693,300671,"['cia', 'based on novel or book', 'assault rifle']"
694,301528,"['friendship', 'cartoon', 'rescue mission']"
695,302666,"['sexual abuse', 'earthquake', 'stalker']"
696,302699,"['spy', 'cia', 'office']"
697,302946,"['assassin', 'sniper', 'autism']"
698,303857,['anime']
699,305470,"['spacecraft', 'tokusatsu', 'super power']"
700,307081,"['sports', 'fighter', 'tragedy']"
701,308531,"['sibling relationship', 'turtle', 'sequel']"
702,311324,"['china', 'monster', 'archer']"
703,312221,"['underdog', 'mexico', 'mentor']"
704,313297,"['japan', 'samurai', 'magic']"
705,315635,"['new york city', 'washington dc, usa', 'high school']"
706,315837,"['philosophy', 'cyborg', 'hacker']"
707,316727,"['dystopia', 'sequel', 'legalized murder']"
708,320288,"['mutant', 'telekinesis', 'superhero']"
709,321612,"['france', 'magic', 'castle']"
710,323660,"['fairy tale', 'brothers grimm', 'rumpelstiltskin']"
711,324552,"['italy', 'gun', 'roof']"
712,324786,"['japan', 'world war ii', 'violent father']"
713,324852,"['twin brother', 'sequel', 'despicable']"
714,324857,"['superhero', 'based on comic', 'aftercreditsstinger']"
715,326359,"['sibling relationship', 'birthday', 'birthday party']"
716,329865,"['spacecraft', 'time', 'time travel']"
717,330457,"['winter', 'queen', 'magic']"
718,331482,"['new york city', 'sibling relationship', 'based on novel or book']"
719,333339,"['video game', 'based on novel or book', 'future']"
720,333484,['remake']
721,335797,"['anthropomorphism', 'singing', 'singing competition']"
722,335983,"['san francisco, california', 'spacecraft', 'anti hero']"
723,335984,"['artificial intelligence', 'bounty hunter', 'future']"
724,335988,"['england', 'knight', 'based on toy']"
725,336843,"['based on novel or book', 'fight', 'maze']"
726,337167,"['based on novel or book', 'eroticism', 'sequel']"
727,337339,"['new york city', 'submarine', 'sequel']"
728,337401,"['china', 'martial arts', 'hero']"
729,337404,"['1970s', 'anti hero', 'villain']"
730,338762,"['nanotechnology', 'superhero', 'based on comic']"
731,338952,"['paris, france', 'new york city', 'witch']"
732,338967,"['the white house', 'marriage proposal', 'road trip']"
733,339403,"['robbery', 'waitress', 'atlanta']"
734,339846,"['sea', 'beach', 'drug dealer']"
735,339984,"['based on novel or book', 'parent child relationship', 'miracle']"
736,340102,"['mutant', 'superhero', 'based on comic']"
737,341174,"['based on novel or book', 'boat', 'kiss']"
738,342470,"['suicide', 'based on novel or book', 'indiana, usa']"
739,342473,"['paris, france', 'flying', 'inventor']"
740,343611,"['falsely accused', 'based on novel or book', 'opium']"
741,343668,"['saving the world', 'spy', 'europe']"
742,345887,"['rape', 'cia', 'martial arts']"
743,345938,"['loss of loved one', 'based on novel or book', 'guilt']"
744,345940,"['ocean', 'based on novel or book', 'beach']"
745,346364,"['based on novel or book', 'small town', 'clown']"
746,346651,"['bus', 'post-apocalyptic future', 'gore']"
747,346672,"['martial arts', 'sword', 'vampire']"
748,346910,"['predator', 'sequel', 'alien']"
749,347626,"['high school', 'remake', 'prom']"
750,348350,"['spacecraft', 'smuggling (contraband)', 'prequel']"
751,348893,"['prison', 'wife', 'sports']"
752,350499,['anime']
753,351286,"['tyrannosaurus rex', 'volcano', 'sequel']"
754,351819,"['parody', 'spoof', 'millionaire']"
755,353081,"['paris, france', 'london, england', 'spy']"
756,353486,"['video game', 'sequel', 'jungle']"
757,354556,"['cold war', 'superhero']"
758,354912,"['mexico', 'guitar', 'musician']"
759,359724,"['based on novel or book', 'car race', 'car mechanic']"
760,360920,"['remake', 'surrealism', ""based on children's book""]"
761,363088,"['insect', 'ant', 'shrinking']"
762,364689,"['spain', 'madrid, spain', 'europe']"
763,370172,"['spy', 'british secret service', 'nanobots']"
764,372058,"['time travel', 'supernatural', 'afterlife']"
765,373571,"['mexico', 'boston, massachusetts', 'giant monster']"
766,378064,"['deaf', 'friendship', 'high school']"
767,379291,"['dc comics', 'superhero', 'based on comic']"
768,379686,"['sports', 'basketball', 'cartoon']"
769,381288,"['child abuse', 'kidnapping', 'sequel']"
770,381289,"['based on novel or book', 'human animal relationship', 'reincarnation']"
771,382190,"['pocket monsters', 'based on video game', 'anime']"
772,383498,"['hero', 'mutant', 'mercenary']"
773,384018,"['london, england', 'biological weapon', 'secret organization']"
774,385103,"['friendship', 'friends', 'heroism']"
775,385128,"['speed', 'sequel', 'family relationships']"
776,390043,"['england', 'assassin', 'hitman']"
777,391757,"['martial arts', 'fight', 'training']"
778,393345,"['voodoo', 'evil doll', 'killer doll']"
779,396422,"['prequel', 'evil doll', 'demon']"
780,396535,"['zombie', 'train', 'survival horror']"
781,398818,"['italy', 'upper class', 'based on novel or book']"
782,399566,"['giant monster', 'king kong', 'dinosaur']"
783,399579,"['martial arts', 'bounty hunter', 'extreme sports']"
784,400136,"['sequel', 'zombie', 'based on video game']"
785,400155,"['monster', 'vampire', 'cruise ship']"
786,400160,"['part live action', 'based on tv series']"
787,400535,"['corruption', 'cia', 'sequel']"
788,400928,"['cat', 'intellectually gifted', 'child prodigy']"
789,402900,"['new york city', 'heist', 'spin off']"
790,404368,"['video game', 'cartoon', 'sequel']"
791,405774,"['based on novel or book', 'post-apocalyptic future', 'blindfold']"
792,407439,"['bible', 'jerusalem, israel', 'mary magdalene']"
793,409502,"['christianity', 'biography', 'faith']"
794,410113,['musical']
795,412117,"['new york city', 'friendship', 'sequel']"
796,412656,"['based on novel or book', 'post-apocalyptic future', 'dystopia']"
797,413594,"['sword', 'virtual reality', 'sword fight']"
798,414906,"['dc comics', 'crime fighter', 'secret identity']"
799,417320,"['magic', 'fairy tale', 'villain']"
800,419743,"['forbidden love', 'lgbt', 'childhood friends']"
801,420809,"['magic', 'fairy', 'fairy tale']"
802,420817,"['hero', 'hustler', 'palace']"
803,420818,"['africa', 'lion', 'prince']"
804,423108,"['exorcism', 'supernatural', 'connecticut']"
805,424277,"['prison', 'drowning', 'comedian']"
806,424694,"['london, england', 'aids', '1970s']"
807,424783,"['technology', 'based on toy', 'transformers']"
808,425134,"['latin', 'lover', 'aging']"
809,425909,"['small town', 'ghostbuster', 'nostalgia']"
810,427641,"['gorilla', 'monster', 'wolf']"
811,428078,"['based on novel or book', 'post-apocalyptic future', 'dystopia']"
812,429617,"['venice, italy', 'europe', 'school trip']"
813,431580,"['yeti', 'reunion', 'family relationships']"
814,431693,"['spy', 'inventor', 'pigeon']"
815,431821,"['magic', 'supernatural', 'based on light novel']"
816,436931,"['based on video game', 'adult as a child', 'anime']"
817,436969,"['dc comics', 'monster', 'anti hero']"
818,438590,"['technology', 'friendship', 'friends']"
819,438631,"['prophecy', 'based on novel or book', 'emperor']"
820,439079,"['rome, italy', 'nun', 'exorcism']"
821,440471,"['artificial intelligence', 'prison', 'martial arts']"
822,442249,"['new york city', 'new jersey', 'sequel']"
823,445030,"['anti hero', 'magic', 'post-apocalyptic future']"
824,446893,"['sequel', 'based on toy']"
825,447200,"['china', 'fire', 'skyscraper']"
826,447332,"['deaf', 'fireworks', 'pregnancy']"
827,447404,"['detective', 'amnesia', 'car crash']"
828,448119,"['based on novel or book', 'island', 'ship']"
829,449406,"['musical', 'monkey', 'animal']"
830,451048,"['jungle', 'riverboat', '1910s']"
831,453354,"['beach', 'parent child relationship', 'teenage girl']"
832,454286,"['church', 'aftercreditsstinger']"
833,454294,"['sword', 'menace', 'magic']"
834,454626,"['video game', 'san francisco, california', 'friendship']"
835,454640,"['island', 'sequel', 'rivalry']"
836,454699,"['vampire', 'werewolf']"
837,454983,"['based on novel or book', 'secret', 'crush']"
838,458156,"['new york city', 'martial arts', 'casablanca']"
839,458576,"['female soldier', 'giant monster', 'another dimension']"
840,459151,"['baby', 'sequel', 'family']"
841,460458,"['mutant', 'biological weapon', 'quarantine']"
842,460465,"['saving the world', 'magic', 'ninja fighter']"
843,464052,"['dc comics', 'superhero', 'based on comic']"
844,466282,"['based on novel or book', 'love letter', 'high school']"
845,471506,"['paris, france', 'new york city', 'finger']"
846,471707,"['small town', 'juvenile delinquent', 'catholic']"
847,474350,"['clown', 'carnival', 'sequel']"
848,475215,"['time travel', 'family relationships', 'train']"
849,475557,"['street gang', 'dc comics', 'dream']"
850,476292,"['family relationships', 'tragedy', 'coming of age']"
851,476669,"['london, england', 'spy', 'world war i']"
852,476968,"['roman empire', 'bible', 'nero']"
853,479455,"['paris, france', 'london, england', 'secret organization']"
854,480157,"['witch', 'halloween', 'haunted house']"
855,480414,"['lanetli gözyasları', 'la llorona']"
856,480530,"['sports', 'sequel', 'rivalry']"
857,481084,"['black humor', 'cartoon', 'family']"
858,481848,"['based on novel or book', 'gold rush', 'dog']"
859,482321,"['family', 'best friend forever']"
860,482373,"['home', 'invasion', 'sin']"
861,484718,"['africa', 'prince', 'heir to the throne']"
862,486589,['shoe']
863,487242,"['dc comics', 'based on comic', 'dc animated movie universe']"
864,494407,['anime']
865,495764,"['dc comics', 'nightclub', 'pickpocket']"
866,496243,"['birthday party', 'private lessons', 'basement']"
867,497698,"['spy', 'assassin', 'hero']"
868,499701,"['fox', 'museum', 'peru']"
869,501929,"['man vs machine', 'technology', 'family relationships']"
870,503314,"['space battle', 'transformation', 'resurrection']"
871,503736,"['casino', 'vault', 'mercenary']"
872,504253,"['philosophy', 'based on novel or book', 'fireworks']"
873,506574,"['magic', 'musical', 'family']"
874,506680,"['post traumatic stress disorder', 'based on novel or book', 'biography']"
875,507086,"['public', 'dinosaur', 'jurassic']"
876,508439,"['elves', 'magic', 'dead father']"
877,508442,"['new york city', 'cat', 'jazz']"
878,508943,"['italy', 'monster', 'secret']"
879,508947,"['canada', 'toronto, canada', 'anger']"
880,508965,"['small town', 'santa claus', 'island']"
881,509635,"['hunter', 'oregon, usa', 'kidnapping']"
882,509967,"['dictator', 'florence, italy', 'shootout']"
883,511987,"['florida', 'hurricane', 'alligator']"
884,512025,"['based on novel or book', 'secret', 'small town']"
885,512195,"['fbi', 'interpol', 'heist']"
886,512200,"['magic', 'animal attack', 'body-swap']"
887,513310,['time loop']
888,514439,"['based on novel or book', 'based on memoir or autobiography']"
889,516329,"['sheriff', 'oregon, usa', 'trauma']"
890,520763,"['island', 'radio transmission', 'post-apocalyptic future']"
891,520946,"['poodle', 'teen angst', 'werewolf']"
892,521029,"['babysitter', 'supernatural', 'priest']"
893,522162,"['world war ii', 'battle of midway', 'historical fiction']"
894,522241,"['cold war', 'based on a true story', 'mi6']"
895,522402,"['robot', 'journey', 'humanity']"
896,522406,"['journey in the past', 'time travel', 'mystery']"
897,522444,"['cave', 'animal attack', 'australia']"
898,522518,"['reincarnation', 'sequel', 'growing up']"
899,522627,"['london, england', 'business man', 'dark comedy']"
900,522681,"['riddle', 'chicago, illinois', 'key']"
901,522931,"['hitman', 'bodyguard', 'sequel']"
902,522938,"['post traumatic stress disorder', 'arizona', 'human trafficking']"
903,523536,['ninja']
904,523931,"['submarine', 'monster', 'shark attack']"
905,524047,"['husband wife relationship', 'kidnapping', 'panic']"
906,524216,"['small town', 'mortuary', 'mortician']"
907,524251,"['detective', 'husband wife relationship', 'small town']"
908,524369,"['new jersey', 'italian american', 'prequel']"
909,524434,"['boredom', 'supernatural', 'superhero']"
910,526050,"['dream', 'assistant', 'business woman']"
911,527435,"['massachusetts', 'camera', 'santa claus']"
912,527641,"['forbidden love', 'falling in love', 'cystic fibrosis']"
913,527774,"['kung fu', 'sword', 'warrior woman']"
914,527776,"['christianity', 'sports', 'cross country']"
915,529106,"['comics', 'bubble comics']"
916,529203,"['sequel', 'prehistory']"
917,531219,"['hotel', 'witch', 'based on novel or book']"
918,531499,['family relationships']
919,532067,"['magic', 'supernatural', 'parody']"
920,532321,"['magic', 'cold', 'village']"
921,533642,"['artificial intelligence', 'chicago, illinois', 'evil doll']"
922,534338,"['new york city', 'journalist', 'husband wife relationship']"
923,535845,"['biography', 'sports']"
924,536841,"['biography', 'football (soccer)', 'sports documentary']"
925,537061,"['musical', 'memory loss']"
926,537116,"['new york city', 'composer', 'artist']"
927,537915,"['based on novel or book', 'love', 'teenage crush']"
928,539885,"['assassin', 'murder', 'violence']"
929,541524,"['new york city', 'based on novel or book', 'racism']"
930,542178,"['journalist', 'journalism', 'magazine']"
931,544401,"['post traumatic stress disorder', 'based on novel or book', 'war veteran']"
932,545609,"['mercenary', 'mumbai (bombay), india', 'based on comic']"
933,546554,"['detective', 'massachusetts', 'immigrant']"
934,549053,"['holiday', 'london, england', 'romantic comedy']"
935,550205,"['wish', 'dragon']"
936,550988,"['video game', 'gun', 'hero']"
937,552095,"['dog', 'super power']"
938,553604,"['bomb', 'bank robber', 'criminal past']"
939,553839,"['magic', 'military', 'anime']"
940,559907,"['winter', 'fox', 'camelot']"
941,560050,"['moon', 'rocket']"
942,560144,['alien']
943,565028,"['sequel', 'murder', 'urban legend']"
944,566525,"['martial arts', 'superhero', 'based on comic']"
945,567189,['duringcreditsstinger']
946,567604,"['based on comic', 'christmas']"
947,567690,"['suicide', 'autism', 'letter']"
948,567748,"['remake', 'psychological thriller', 'police officer']"
949,568124,['musical']
950,568160,"['magic', 'weather', 'weather manipulation']"
951,568620,"['prequel', 'based on comic', 'based on cartoon']"
952,570269,"['magic', 'harem', 'sword fight']"
953,571891,"['remake', 'anime', 'kodomo']"
954,573699,"['china', 'assassin', 'snake']"
955,574060,"['assassin', 'hitwoman', 'mother daughter estrangement']"
956,575803,"['summer vacation', ""based on children's book""]"
957,576845,"['london, england', 'go-go dancer', 'nightmare']"
958,577922,"['spy', 'assassin', 'mumbai (bombay), india']"
959,578701,"['assassin', 'based on novel or book', 'older woman younger man relationship']"
960,578908,"['gorilla', 'hidden camera', 'stunt']"
961,579047,"['miami, florida', 'drug addiction', 'new orleans, louisiana']"
962,580489,"['hero', 'anti hero', 'villain']"
963,581389,"['android', 'space colony', 'space opera']"
964,581392,"['dystopia', 'sequel', 'zombie']"
965,581528,"['police', 'based on a true story', 'serial killer']"
966,581726,"['based on novel or book', 'reincarnation']"
967,585216,"['sequel', 'escape room']"
968,585245,"['based on novel or book', 'giant dog']"
969,586047,"['clone', 'human clone']"
970,587496,"['camera', 'ecstasy', 'brother']"
971,587807,"['aftercreditsstinger', 'live action and animation', 'rapping animal']"
972,587996,"['revenge', 'car crash', 'person on fire']"
973,588228,"['world cup', 'time travel', 'global warming']"
974,588921,"['protection', 'amazon rainforest', 'threatened ecosystem']"
975,589761,['chernobyl']
976,590223,"['monster', 'bunker', 'post-apocalyptic future']"
977,590706,['jiu-jitsu']
978,590995,"['witch', 'magic', 'black magic']"
979,591273,"['witch', 'based on novel or book', 'shopping mall']"
980,591274,['1970s']
981,591275,"['witch hunt', '17th century']"
982,592656,['based on novel or book']
983,592863,"['pop singer', 'biography', 'african american']"
984,593910,['musical']
985,594328,['cartoon']
986,594718,"['spacecraft', 'russia', 'alien life-form']"
987,597316,"['flying horse', 'pony', 'unicorn']"
988,597433,"['greece', 'tourist', 'conspiracy']"
989,597890,"['space travel', 'space', 'sexual tension']"
990,597891,"['japan', 'poison', 'assassin']"
991,600583,"['montana', 'based on novel or book', 'ranch']"
992,601666,"['psychopath', 'horror', 'sociopath']"
993,602063,['live action anime']
994,602223,"['sequel', 'prequel', 'murder']"
995,602269,"['detective', 'serial killer', 'los angeles, california']"
996,602288,"['reboot', 'high school girl']"
997,602734,"['police', 'sequel', 'murder']"
998,604360,"['dark', 'korean']"
999,606523,"['gangster', 'revenge', 'noir']"
1000,607259,"['baby', 'parenthood', 'fatherhood']"
1001,609972,"['sequel', 'paranormal', 'demonic possession']"
1002,610253,"['halloween', 'vigilante', 'sequel']"
1003,611489,"['college', 'scandal', 'murder']"
1004,613504,"['based on novel or book', 'love', 'teenage crush']"
1005,614917,"['tennis', 'tennis player', 'father']"
1006,615457,"['assassin', 'double life', 'midlife crisis']"
1007,615658,"['apocalypse', 'sleep deprivation']"
1008,615665,"['holiday', 'date', 'single']"
1009,615666,"['holiday', 'christmas']"
1010,615677,"['superhero', 'family']"
1011,615678,"['superhero', 'parody', 'trueno']"
1012,617502,['woman director']
1013,617653,"['based on novel or book', 'normandy, france', 'based on a true story']"
1014,617708,"['dictator', 'war crimes', 'trial']"
1015,618162,"['prison', 'release from prison', 'revenge']"
1016,618344,"['dc comics', 'superhero', 'superhéroes']"
1017,619297,"['fight', 'daughter', 'father']"
1018,619778,"['detective', 'brain tumor', 'monster']"
1019,621151,"['prisoner', 'cult', 'appalachia']"
1020,621870,['secret']
1021,621876,"['based on novel or book', 'squirrel']"
1022,622855,"['steampunk', 'christmas', 'inspirational']"
1023,623491,"['babysitter', 'sequel', 'satanic ritual']"
1024,624963,"['monster', 'babysitter', 'halloween']"
1025,630004,"['spain', 'bank', 'world cup']"
1026,630240,"['pregnancy', 'car crash', 'serial killer']"
1027,630586,"['secret society', 'forest', 'community']"
1028,631132,"['rape', 'elves', 'magic']"
1029,631843,"['beach', 'time', 'family']"
1030,632357,['religious horror']
1031,632632,"['high school', 'slice of life', 'based on manga']"
1032,633515,['world war ii']
1033,633802,"['black magic', 'spell', 'demonic ceremony']"
1034,634528,"['mexico', 'assassin', 'war veteran']"
1035,634649,"['hero', 'comic book', 'superhero']"
1036,635302,"['fight', 'magic', 'psychology']"
1037,637534,"['marseille, france', 'police']"
1038,637649,"['robbery', 'crime boss', 'revenge']"
1039,637693,"['horse', 'mustang', 'female protagonist']"
1040,638449,"['london, england', 'based on novel or book', 'love letter']"
1041,638507,"['dragon', 'short film']"
1042,639721,"['family roleplay', 'the addams family 2']"
1043,641501,"['based on novel or book', 'superhero']"
1044,643586,"['nightmare', 'carnival', 'mascot']"
1045,644083,"['graffiti', 'parkour', 'art gallery']"
1046,644089,['korean american']
1047,644092,['hawaii']
1048,644495,"['biography', 'fashion designer', 'murder']"
1049,645710,"['sexual obsession', 'photographer', 'infidelity']"
1050,645788,"['assassination', 'female assassin', 'mentor protégé relationship']"
1051,645856,"['training', 'priest', 'demon']"
1052,645886,['redemption']
1053,646207,"['truck', 'truck driver', 'mine explosion']"
1054,647302,['stuffed toy']
1055,649409,"['detective', 'safe', 'organized crime']"
1056,651571,"['shape shifting alien', 'deep space']"
1057,652004,"['small town', 'full moon', 'utah']"
1058,653349,"['mexico', 'married couple', 'usa–mexico border']"
1059,654028,"['santa claus', 'sequel', 'christmas']"
1060,654974,"['holiday', 'home alone', 'christmas spirit']"
1061,655431,"['detective', 'dystopia', 'police']"
1062,660982,"['high school', 'teen movie', 'spin off']"
1063,662546,"['christmas', 'fairy godmother']"
1064,662708,"['pocket monsters', 'based on video game', 'anime']"
1065,663558,"['reincarnation', 'dragon', 'chinese mythology']"
1066,664236,"['time travel', 'extinct animals']"
1067,664413,"['kidnapping', 'nightclub', 'gangster']"
1068,664767,"['magic', 'ninja fighter', 'revenge']"
1069,665251,"['yakuza', 'distant future', 'cyberpunk']"
1070,667520,"['cat', 'magic', 'mask']"
1071,669671,"['college student', 'bloody', 'moonlighting']"
1072,672322,['live action anime']
1073,672582,"['france', 'diving', 'lake']"
1074,675024,"['exorcism', 'haunted house', 'ghost']"
1075,675319,"['android', 'beat cop', 'synth']"
1076,675327,"['world war ii', 'gremlin', 'female pilot']"
1077,677638,"['road trip', 'slice of life', 'police chase']"
1078,680531,"['paris, france', 'based on novel or book', 'woman director']"
1079,681019,"['camping', 'machete', 'forest']"
1080,681887,"['space battle', 'space war', 'space colony']"
1081,682254,"['friendship', 'friends', 'mystery']"
1082,683127,"['witch', 'based on novel or book', 'magic']"
1083,689249,['behind the scenes']
1084,691179,"['friends', 'reunion', 'sitcom']"
1085,698320,"['fairy tale', '爱丽丝仙境', '惊悚']"
1086,703745,"['ocean', 'boat', 'shark attack']"
1087,712121,"['stalker', 'loneliness', 'fitness model']"
1088,716594,"['prison', 'confession', 'florida']"
1089,716612,"['holiday', 'biography', 'based on a true story']"
1090,716703,"['lake', 'pregnancy', 'older woman younger man relationship']"
1091,716810,['based on tv series']
1092,717192,"['amsterdam, netherlands', 'undercover', 'drug crime']"
1093,718633,"['sports', 'woman director']"
1094,718867,"['island', 'lava', 'wild animal']"
1095,719088,"['lgbt', 'based on light novel', 'anime']"
1096,721656,"['halloween', 'friendship', 'friends']"
1097,723072,"['isolation', 'computer', 'quarantine']"
1098,726429,"['martial arts', 'sword fight', 'revenge']"
1099,726684,"['shanghai, china', 'superhero']"
1100,726739,"['cat', 'villain', 'dog']"
1101,727745,"['based on novel or book', 'college', 'sequel']"
1102,728526,"['alien', 'alien abduction', 'alien invasion']"
1103,728791,"['evil spirit', 'playwright']"
1104,730840,['tales of arcadia']
1105,736069,"['dc comics', 'world war ii', 'time travel']"
1106,736073,"['dc comics', 'superhero', 'based on comic']"
1107,736074,"['dc comics', 'superhero', 'aftercreditsstinger']"
1108,738215,"['musical', 'princess', 'based on toy']"
1109,738652,"['hitman', 'police', 'shootout']"
1110,739542,['adult animation']
1111,739990,"['witch', 'cat', 'held captive']"
1112,740925,['based on novel or book']
1113,741074,['snowman']
1114,744275,"['based on novel or book', 'family history', 'love']"
1115,747688,"['based on a true story', 'murder', 'prosecutor']"
1116,749274,"['mexico', 'based on novel or book', '1970s']"
1117,755812,"['new york city', 'superhero']"
1118,758879,"['scotland', 'castle', 'christmas']"
1119,760747,"['husband wife relationship', 'shotgun', 'hostage']"
1120,760883,"['germany', 'vampire', 'murder']"
1121,762469,['christmas']
1122,763152,"['swinger club', 'night life', 'anthology']"
1123,763164,"['prisoner', 'hologram', 'hunting human beings']"
1124,763240,"['roommate', 'musician', 'toronto, canada']"
1125,763532,['romantic comedy']
1126,767304,"['terrorist', 'u.s. marine']"
1127,767377,"['remake', 'film adaptation']"
1128,767504,"['new orleans, louisiana', 'vampire', 'vampire hunter']"
1129,768334,['horror']
1130,768449,"['martial arts', 'assassin', 'fight']"
1131,769749,"['celebrity', 'grief', 'ireland']"
1132,774021,"['exorcism', 'simulated reality ', 'demonic possession']"
1133,774741,"['middle school', 'scrawny', 'preteen']"
1134,775996,"['cyborg', 'android', 'killer robot']"
1135,776503,"['parent child relationship', 'deaf', 'massachusetts']"
1136,776821,"['robbery', 'based on novel or book', '1970s']"
1137,778552,['christian film']
1138,785457,['back from the dead']
1139,785516,"['lockdown', 'covid-19']"
1140,785533,"['royal family', 'sequel', 'look-alike']"
1141,785538,"['human trafficking', 'sao paulo, brazil']"
1142,785539,"['paradise', 'love', 'singer']"
1143,786705,['coming of age']
1144,787009,"['monster', 'experiment', 'haunted house']"
1145,791373,"['dc comics', 'superhero', 'based on comic']"
1146,793723,"['post traumatic stress disorder', 'rape', 'marseille, france']"
1147,795607,"['chinese mythology', 'white snake']"
1148,796499,"['europe', 'interpol', 'prequel']"
1149,796849,"['infidelity', 'school friend', 'girlfriend']"
1150,797394,"['magic', 'rescue', 'rescue mission']"
1151,800497,"['hotel', 'isolation', 'snowstorm']"
1152,802217,"['holiday', 'video game', 'suburban chicago']"
1153,802504,"['romantic comedy', 'wedding']"
1154,804435,"['hostage', 'police', 'retired cop']"
1155,809968,"['nightclub', 'car crash', 'death of brother']"
1156,810873,['christmas']
1157,812456,"['based on toy', 'talking animals']"
1158,813258,"['dracula', 'short film']"
1159,817451,"['africa', 'safari', 'leopard']"
1160,818659,['carnaval']
1161,831405,"['dc comics', 'based on comic', 'based on video game']"
1162,841755,"['chosen one', 'based on video game', 'martial arts tournament']"
1163,843241,"['magic', 'sequel', 'anime']"
1164,843906,"['monster', 'friendship', 'friends']"
1165,845422,"['social justice', 'millennials']"
1166,846214,"['springfield illinois', 'avengers', 'mischief']"
1167,847981,"['island', 'north sea', 'teenage boy']"
1168,850818,['based on toy']
1169,853588,"['hunting', 'bachelorette party']"
1170,857910,['stand-up comedy']
1171,869623,"['sexual abuse', 'trauma', 'childhood trauma']"
1172,871964,"['police officer', 'killing spree', 'physical deformity']"
1173,882093,['christmas']
1174,885110,"['gore', 'fear', 'violence']"
1175,893204,"['pregnancy', 'single mother', 'pandemic']"
1176,899405,"['romantic comedy', 'teen movie', 'mexican']"
